sentence,label,label_name
"The company generates net sales of about 600 mln euro $ 775.5 mln annually and employs 6,000 .",1,neutral
"( ADP News ) - Oct 31 , 2008 - Finnish food company Raisio Oyj ( OMX : RAIVV ) said today that its net profit jumped to EUR 16.4 million ( USD 20.9 m ) for the first nine months of 2008 from EUR 1.1 million for the same period of 2",2,positive
"Profit for the period totalled EUR 1.1 mn , down from EUR 1.6 mn in the third quarter of 2008 .",0,negative
"Founded in 1985 , Quatrocon 's clientele consists of public sector builders , central trading companies and major construction firms .",1,neutral
- Provides summary of the medical equipment pipeline products that the company is developing .,1,neutral
The court found TelecomInvest 's arguments convincing .,2,positive
Industry Investment is very interested in Glaston 's solar energy projects .,2,positive
R&D Loan ) .,1,neutral
"City24 users can search for homes and properties in all areas where City24 is active , even outside their own country .",1,neutral
The continued operations mean the structure after the restructuring of the Aspocomp group including Aspocomp Oulu and the headquarter operations .,1,neutral
"The scheme for TeliaSonera and Altimo is practically identical , except that it involves the merger of their stakes in VimpelCom and Kyivstar .",1,neutral
Cash flow from business operations totalled EUR 0.4 mn compared to a negative EUR 15.5 mn in the first half of 2008 .,2,positive
"The order comprises all production lines for a plywood mill , company said in a statement received by Lesprom Network .",1,neutral
The statutory negotiations at headquarters are part of this decrease .,1,neutral
As a consequence the Works Council had withdrawn its petition to suspend the reorganisation .,1,neutral
"Honkarakenne 's customer in this project is one of the biggest real estate companies in Kazakhstan , according to the company .",1,neutral
Comptel Corporation will publish its financial statements for 2008 on 12 February 2009 .,1,neutral
Managing Director Timo Kohtam+ñki of Lemmink+ñinen Infra nevertheless points out the continued need for infrastructure construction in the Baltic markets .,1,neutral
"After the transaction , Tikkurila has no powder coatings related operations .",1,neutral
"Country : , Finland Sector : Construction-Real Estate Target : Pohjolan Design-Talo Oy Buyer : CapMan Oyj Vendor : Ruukki Group Oyj Deal size in USD : 102.6 m Type : Divestment Status : Agreed",1,neutral
CEO Erkki J+ñrvinen is happy with the company 's performance in 2010 .,2,positive
"Under the rental agreement , Stockmann was committed to invest in the building of a bridge over the Gogol Street or build an underground tunnel for crossing the street by 2004 .",1,neutral
EUR 220 million of the transaction consideration was paid in the form of four-year interest-bearing vendor notes .,1,neutral
"PGE Belchatow runs the 4.44 GW Belchatow coal-fired power plant , and Fortum has intentions to start a CCS demonstration project jointly with Teollisuuden Voima Oyj ( TVO ) - another Finnish utility - at the their jointly owned 565MW Meri-Pori coal-fired facility .",1,neutral
"Vaisala 's Present Weather Detector measures visibility up to 20 km , as well as precipitation type and intensity .",1,neutral
"Rockwell Collins is a provider of flight deck , cabin and information management solutions for business aircraft operators .",1,neutral
Marketing will use Tikkurila 's existing infra structure and local knowledge in Russia .,1,neutral
"Tekla provides 3D software for building and infrastructure engineering , with a focus on building information modelling of steel and concrete structures from design to construction .",1,neutral
The company does not at present hold any of its own shares .,1,neutral
The company also said that in Poland a profitability program has been launched at the Oborniki steel frame and sandwich panel plant .,2,positive
Vacon controls a further 5 % of the company via investment fund Power Fund I. EUR 1.0 = USD 1.397,1,neutral
"Publishing Sweden 's operating loss was EUR 1.1 mn in Q1 of 2009 , compared to a profit of EUR 0.6 mn a year ago .",0,negative
"Pretax loss totaled EUR 1.2 mn , down from a profit of EUR 2.1 mn in 2004 .",0,negative
The loss for the third quarter of 2007 was EUR 0.3 mn smaller than the loss of the second quarter of 2007 .,2,positive
"The Finnish business delegation includes representatives from over 20 companies that include Nokia Corp , Finnfund , Outokumpu Oyj , OKO Bank , Alteams Oy and Cargotec Corp. .",1,neutral
"The e-commerce site and flagship will be managed by Marimekko North America Retail LLC , a subsidiary established in the U.S. last year .",1,neutral
SRV lowered its net sales estimate for the whole of 2008 due to uncertainties in housing sales .,0,negative
"The six breweries recorded a 5.2 percent growth in domestic beer sales last year to 270.21 million liters , from 256.88 million liters sold in 2005 .",2,positive
"CapMan has four investment areas ( CapMan Buyout , CapMan Technology , CapMan Life Science and CapMan Real Estate ) , and each of them has a dedicated team .",1,neutral
The stock rose for a third day on Tuesday bringing its three-day rise to GBX10 .50 or 1.8 % .,2,positive
"The total scholarship amount was 40,000 euros and the recipients were chosen on the recommendation of fine arts universities and sports associations .",1,neutral
"Thanks to his wide contact network and good knowledge of market and business environment , he will give a great contribution to the further development of our Indian operations '' , tells Incap 's President & CEO Juhani Hanninen .",2,positive
Vianor sells tires for cars and trucks as well as a range of other car parts and provides maintenance services .,1,neutral
The difference can be explained by the fact that two shipping companies have stopped operating in the Gulf of Finland .,1,neutral
The costs of the new ropax vessels are 30 % lower than those of the present ones .,2,positive
The serial bond is part of the plan to refinance the short-term credit facility .,1,neutral
Ms Laakso will be responsible for HKScan 's HR functions and for their development in all of the Group ` smarket areas .,1,neutral
Most of the increase in net sales was due to the acquisition of Swedish Silva that produces garden tools and boats .,2,positive
"Aspocomp said it will spin off its Chinese and Indian units , and some equipment from its Salo plant in Finland , into a newly-formed unit , most of which it will then sell on to Hong Kong-listed Meadville .",1,neutral
Ahlstrom 's share is quoted on the NASDAQ OMX Helsinki .,1,neutral
"Both operating profit and turnover for the nine-month period increased , respectively from EUR2 .4 m and EUR43 .8 m , as compared to the corresponding period a year ago .",2,positive
We make available the following brand-new market analyses : Cement - UK Cement - Poland Cement - Belgium These analyses give a clear overview of the actual situation and future outlook of the cement industry in some European countries .,1,neutral
"The Division also includes joint sales , marketing and controlling functions for these units .",1,neutral
"Due to the rapid decrease in net sales , personnel reductions have been carried out on a wider scale than initially expected .",0,negative
"The E7 smartphone will be available for Rs35 ,000 per handset across India , '' Nokia India vice-president & managing director D Shivakumar told reporters .",1,neutral
Aldata noted that its Voice Supply Chain Technology approach enables VDW to integrate with warehouse management systems .,1,neutral
"The company is headquartered in Sievi , Finland , and is listed on the Nordic Exchange in Helsinki .",1,neutral
Finland 's dominating rail company VR is planning to set the infected passengers for long-distance trip in a separate carriage .,1,neutral
"The contract value amounts to about EUR11m , the company added .",1,neutral
"The upgrade is intended to raise the network capacity from 450 MHz to 630 MHz in several cities , enabling bi-directional services for digital television as well as broadband data .",2,positive
Consumption is forecast to grow by about 2 % .,2,positive
Rapala aims to move the distribution unit Ragot from Loudeac in Bretagne and the distribution unit Waterqueen and the fishing line supplier Tortue from Saint Marcel in Central France to Morvillars .,1,neutral
The shipyard hopes the regional government in Andalusia can offer its some form of financial support .,1,neutral
"U.S.-based T Corp. is in talks with Scandinavian telecoms company TeliaSonera to sell its stake in Uzbek cellular operator Coscom , an executive at Coscom told Interfax .",1,neutral
No more waste-burning facilities should be built .,1,neutral
"Sales in local currencies decreased by 0.5 percent while the number of subscribers rose by 12.7 million to a total of 147.6 million at the end of fourth quarter , the company said .",1,neutral
Symphony Services provides development services for Aldata GOLD .,1,neutral
"The aim of the CEO 's Q&A sessions is to give further clarity on information , which has been made public already earlier .",1,neutral
This assignment strengthens Poyry 's position as an international provider of engineering and project services to the chemical process industry .,2,positive
"treatment products in Usa , Canada , Mexico , Australia and Brazil Today , Global Research & Data Services is going to publish several market analyses about the markets for water treatment products in some selected countries .",1,neutral
"Operating profit for the three-month period increased from EUR1 .2 m , while revenue increased from EUR20 .2 m , as compared to the corresponding period in 2005 .",2,positive
"The Americas represents 25 % of Gemalto 's billing , and Latin America is one of the fastest growing regions for the company .",1,neutral
"Finnish plumbing and heating systems supplier Uponor 's net sales in continuing business operations decreased to EUR 249.1 mn in July-September 2008 , compared to EUR 262.1 mn in the third quarter of 2007 .",0,negative
"The company 's set of services include digital printing , printing preparation , offset-printing , after-treatment services and send out services .",1,neutral
The expansion will be delivered in the fourth quarter of 2006 .,1,neutral
The closing of such transaction took place today .,1,neutral
"The fair value change of investment properties was EUR 15.8 mn , compared to EUR 22.9 mn in the third quarter of 2009 .",0,negative
"Raute posted a net profit of 1.8 mln euro $ 2.6 mln for the third quarter of 2007 , compared to a net loss of 299,000 euro $ 430,000 for the corresponding period of 2006 .",2,positive
Operating profit totaled EUR 18.6 mn or 8.3 % of net sales .,1,neutral
"The company is also seeking possibilities to relocate the Luumaki personnel , some 50 people , to other UPM mills .",1,neutral
"Earnings per share ( EPS ) amounted to EUR0 .98 , up from the loss of EUR0 .02 .",2,positive
"Aldata Solution Oyj Thomas Hoyer CFO More information : Aldata Solution Oyj , Thomas Hoyer , CFO , tel. +358 45 670 0491 Aldata in brief Aldata Solution is one of the global leaders in supply chain software for retail , wholesale and logistics companies .",1,neutral
The company has exported into about twenty European countries as well as to Africa .,1,neutral
"When dialing in , the participants should quote 877417 as conference ID .",1,neutral
"Olvi , which controls a 94 percent stake in Ragutis through A. Le Coq , said in its annual report published earlier this year that the Lithuanian brewery 's sales reached 15.04 million euros last year , a rise of 20.4 percent from 12.49 million euros in 2004 .",2,positive
"ALEXANDRIA , Va. , Jan. 9 -- United States Patent no. 7,862,685 , issued on Jan. 4 , was assigned to Kemira Chemicals Inc. ( Marietta , Ga. ) .",1,neutral
"shock phase ' , consumers have once again started to plan and implement building projects .",1,neutral
LONDON MarketWatch -- Nokia nok said it 's won a five-year services contract to run Hutchison Essar 's network operations in nine locations in India .,2,positive
"Growth was strongest in F-Secure 's operator ISPs , mobile operators and cable operators business .",2,positive
"Profit for the period was EUR 10.9 mn , down from EUR 14.3 mn in 2009 .",0,negative
"MANAVIGATOR-September 7 , 2010-Kemira unveils Indian JV with IVRCL Finnish chemicals group Kemira ( HEL : KRA1V ) on Tuesday announced it has inked a deal to form a joint venture in India with local construction firm IVRCL Infrastructure and Projects Ltd ( BOM :530773 ) .",2,positive
"HUHTAMAKI OYJ STOCK EXCHANGE RELEASE 16.12.2008 AT 09:30 Huhtamaki Oyj has resolved to clarify the Group structure by separating the Foodservice and Consumer Goods businesses in its production unit in Hameenlinna , Finland by transferring the businesses into its wholly owned subsidiaries .",1,neutral
Talentum acquired a 47.5 pct stake in Varesvuo Partners in 1997 and the remaining in 2002 and 2005 .,1,neutral
Financial details were not disclosed .,1,neutral
`` Our aim is to understand different traffic patterns based on the use of each building .,1,neutral
The first phase will be completed by the end of 2012 .,1,neutral
Repeats sees 2008 operating profit down y-y ( Reporting by Helsinki Newsroom ) Keywords : TECNOMEN-RESULTS,0,negative
"The long-standing partnership and commitment enable both parties to develop their respective operations , and ESL Shipping will also have the opportunity to update its fleet and improve its efficiency .",2,positive
The first stage of the contract covers 133 stores and 600 cash registers .,1,neutral
The EPS outlook was increased by 5.6 pct for 2007 and 7.0 pct for 2008 .,2,positive
"Making matters more difficult , the company said it has been grappling with higher oil and gas prices , which have pushed up the cost of energy , raw materials and transportation .",0,negative
"Operating loss totalled EUR 3.2 mn , compared to a profit of EUR 7.2 mn in the third quarter of 2008 .",0,negative
"( ADPnews ) - Oct 21 , 2009 - Finland-based IT consultancy Tieto Oyj ( HEL : TIE1V ) said today its net profit plunged to EUR 29.4 million ( USD 43.9 m ) for the first nine months of 2009 from EUR 58.7 million for the same period o",0,negative
"The major breweries increased their domestic beer sales by 4.5 per cent last year , to 256.88 million litres from 245.92 million litres in 2004 .",2,positive
The company 's share is listed in the Mid Cap segment of the NASDAQ OMX Helsinki .,1,neutral
"The new system , which will include 60 MC3090 PDAs from Motorola , to be used by 60 Poundstretcher operatives across 3 shifts , will integrate in real-time with the company s existing Warehouse Management System , Aldata G.O.L.D Stock , which went live in May 2008 .",1,neutral
"To check them out or to make a bid they will be in the Deka Showroom , Fortitude Valley .",1,neutral
The ECB can mainly target inflation .,1,neutral
This corrensponds to 4.628 percent of Okmetic 's share capital and voting rights .,1,neutral
Hearst will be able to consolidate about 20 % of all Russian market for advertising in press after the purchase .,2,positive
"The acquired business main asset is a mobile authentication and signing solution , branded as Tectia MobileID , which provides authentication to web e-mail , SSL-VPN , MS SharePoint , Tectia Secure Solutions and other applications and resources .",1,neutral
This solution is an extension to the existing online mediation solution delivered earlier by Comptel and IBM .,1,neutral
"In Finland , snow storms brought trees down on power lines , cutting off electricity for some 2,000 households .",0,negative
The company expects its net sales for the whole 2009 to be at previous year levels .,1,neutral
Pretax profit rose to EUR 17.8 mn from EUR 14.9 mn in 2005 .,2,positive
The exercise originated in Finland in the early 1930s as a training method for cross-country skiers .,1,neutral
The company reiterates its outlook for 2009 .,1,neutral
"The OMX Helsinki 25 index was up 0.92 pct at 2,518.67 and the Helsinki CAP portfolio index was 0.91 pct higher at 4,711.19 .",2,positive
"ISMS does not disclose its financial results , the daily said .",1,neutral
"Exports make up more than 80 per cent of our sales , so the name Glaston also reflects a truly internationally operating company , '' explains Kyro 's President & CEO Mika Seitovirta .",1,neutral
NASDAQ-listed Yahoo Inc has introduced a new service that enables Malaysians to take their favorite Internet content and services with them on their mobile phones .,2,positive
"Equipment will be manufactured in Vaahto 's workshop in Hollola , Finland and is scheduled for shipments during the first quarter of 2009 .",1,neutral
"It also includes the installation of new equipment , training and start-up services , as well as service work of the shoe press delivered by Vaahto in 2001 .",1,neutral
"The above mentioned shareholders will suggest that a monthly salary of EUR 1,400 would be paid for the Board members outside the company .",1,neutral
"Ruukki has signed a contract to deliver and install the steel structures for a bridge over the Kyronsalmi strait in Savonlinna , Finland .",2,positive
Earnings per share were EUR -0.04 -0.06 .,1,neutral
"Originally posted to the PCMag.com security blog , Security Watch .",1,neutral
Payment of shares shall be effected on subscription .,1,neutral
"The Tecnomen Convergent Charging solution includes functionality for prepaid and post-paid billing , charging and rating of voice calls , video calls , raw data traffic and any type of content services in both mobile and fixed networks .",1,neutral
"We went to the market with yield guidance of the 7.25 % area , which gave us the flexibility to go up or down by 1-8th .",1,neutral
"( ADP News ) - Feb 12 , 2009 - Finnish IT solutions provider Affecto Oyj ( HEL : AFE1V ) said today its net profit rose to EUR 8.5 million ( USD 11m ) in 2008 from EUR 7 million in 2007 .",2,positive
"Raute reported a loss per share of EUR0 .86 for the first half of 2009 , against EPS of EUR0 .74 in the corresponding period of 2008 .",0,negative
"LONDON AFX - Shares in Rautaruukki Corp have been upgraded to ` hold ' from ` sell ' by ABN Amro , with the price target raised to 25.75 eur from 14.5 , said dealers .",2,positive
"A Flurry Analytics spokesperson said that , as it was only measuring Windows Phone 7 data for some weeks , the firm double-checked the data to make sure the 66 per cent rise was not an aberration .",1,neutral
"The official opening of the office , located in Prague , will be celebrated on May 20 .",1,neutral
The revenues of the business reached NOK 12 million for 2008 .,1,neutral
"The board machine , which will have a wire width of 6.25 m and a design speed of 900 m-min , will produce close to 1,400 tonnes of folding boxboard per day .",1,neutral
"Finnish IT consultancy Satama Interactive Oyj posted a net profit of 1.4 mln euro $ 2.0 mln for the first nine months of 2007 , compared to a net loss of 462,000 euro $ 664,000 for the same period of 2006 .",2,positive
The company 's equipment rental portfolio consists primarily of tools for small and mid-sized customers in the construction industry .,1,neutral
No changes regarding the Virala Oy Ab s ownership of shares of Tiimari has taken place .,1,neutral
The company is presently examining whether the project would be financially feasible .,1,neutral
"The floor area of the Yliopistonrinne project will be 7,900 sq m 85,030 sq ft and the building 's gross area will total 12,800 sq m. A total 25.1 % of the facilities have been let .",1,neutral
The new technology improves the glass quality and consistency while increasing throughput .,2,positive
"The company said that currently the French distribution unit Ragot is located in Loudeac , Normandy , the distribution unit Waterqueen and line supplier Tortue in Saint Marcel in mid-France and the hook manufacturing unit VMC and hook distribution unit VMC Europe in Morvillars .",1,neutral
"The facility will be used to refinance Citycon 's existing credit facility , the company said .",1,neutral
"Earnings per share ( EPS ) in the first half of 2007 amounted to EUR0 .29 , down from EUR0 .40 year ago .",0,negative
"ADPnews - Sep 28 , 2009 - Finnish silicon wafers maker Okmetic Oyj HEL : OKM1V said it will reduce the number of its clerical workers by 22 worldwide as a result of personnel negotiations completed today .",0,negative
Currently the quarterly applied surcharges differ significantly from the actual market prices .,1,neutral
It has some 30 offices worldwide and more than 90 pct of its net sales are generated outside Finland .,1,neutral
Operating profit rose to 22.1 mln eur from 19.9 mln .,2,positive
The joint venture is planning a quick timetable for negotiating the lease of the potential wind farm areas and for charting the feasibility of the wind farms .,1,neutral
"Telecom has a foreign investment limit of 74 % , but it appears that mobile VAS does not , which means that Tecnomen can pick up as much as 96.6 % .",1,neutral
Profit before taxes decreased to EUR 31.6 mn from EUR 50.0 mn the year before .,0,negative
"Reporting in accordance with the merged business operations will start as of January 1 , 2011 .",1,neutral
"Viking Line 's cargo revenue increased by 5.4 % to EUR 21.46 mn , and cargo volume increased by 2.4 % to 70,116 cargo units .",2,positive
The board further said the company omitted to tender for a substantial part of the works and as such they had rightfully been found non-responsive by the evaluation team .,1,neutral
"In Q1 of 2009 , the company 's result before taxes from continuing operations , excluding non-recurring items , totalled EUR -0.4 mn , compared to EUR -0.1 mn in the corresponding period in 2008 .",0,negative
Finnish software developer Done Solutions Oyj said its net profit increased to 3.5 mln euro ( $ 4.6 mln ) in 2006 from 2.3 mln euro ( $ 3.0 mln ) in 2005 .,2,positive
One of the largest projects of the magazine division of SanomaWSOY - Sanoma Magazines International in 2006 became launch of the Russian magazine Gloriya .,1,neutral
"The tightened competition situation in the production automation market has affected net sales during 2006 , Cencorp said .",0,negative
"There will be return flights from Stuttgart every morning , as well as evening departures on Thursdays , Fridays and Sundays .",1,neutral
"The joint venture will invest about EUR 500,000 in production technology straight away .",1,neutral
"In Sweden , Gallerix accumulated SEK denominated sales were down 1 % and EUR denominated sales were up 11 % .",1,neutral
"The Ministry of Water in Tanzania has awarded Poyry a water and sanitation engineering assignment for the rehabilitation and extension of water supply and sanitation infrastructure in Bukoba and Musoma , situated at Lake Victoria in northern Tanzania .",2,positive
Operating loss landed at EUR39m including one-offs and at EUR27m excluding one-offs .,1,neutral
"The 2500-passenger ferry will have dimensions of 185 m length overall , 170 m length between perpendiculars , 27.70 m breadth and 6.55 m design draught .",1,neutral
"Operating loss before non-recurring items was EUR 0.9 mn , compared to a profit of EUR 11.5 mn in 2008 .",0,negative
"Lifetree was founded in 2000 , and its revenues have risen on an average by 40 % with margins in late 30s .",2,positive
"Therefore , Phase III of the research will not be conducted by Abbott .",1,neutral
The business area 's net sales were slightly over 2m in 2006 .,1,neutral
The Commission is to be applauded for applying a fact-based and data-driven approach and for providing clarity for future petitions .,2,positive
"UPM said the move will lower net profit by  x20ac 385 million US$ 520 million in the second quarter , mainly due to impairment charges .",0,negative
"Finnish construction company YIT Oyj said on November 13 , 2007 it won a 70 mln euro $ 102.8 mln contract to construct the new office building for local property company Tapiola Real Estate Oy .",2,positive
"In Asia earlier , Japan 's Nikkei index fell 0.62 percent and Hong Kong 's Hang Seng Index rose 0.56 percent .",1,neutral
"The group intends to relocate warehouse and office space in Loudeac and Saint Marcel to Morvillars , in the east of the country , where it already operates a hook manufacturing and distribution unit .",1,neutral
`` There is no room to modify the share component as we have already indicated . '',1,neutral
"However , the bottom-line result improved thanks to positive financial items .",2,positive
"In September alone , the market declined by 10.2 percent year-on-year to 19.28 million liters .",0,negative
`` Marimekko operates in an industry in which changes in the business climate are reflected in consumer demand .,1,neutral
"Okmetic has a global customer base and sales network , production plants in Finland and the US and contract manufacturers in Japan and China .",1,neutral
"Sales came in at 241 mln eur , compared with 211.4 mln , and also beating consensus forecasts of 235 mln eur .",2,positive
"The business is organised , as of February 1 , 2011 , in a way that production of design services is combined into one entity , Etteplan Operations .",1,neutral
Kazgiprotsvetmet and Outotec Finland have signed an agreement on strategic cooperation in the marketing and providing of minerals processing and metallurgical plants and related services in Kazakhstan and the surrounding countries .,2,positive
Finnish investment company Neomarkka is the main owner of Kuitu Finland 's successor .,1,neutral
Net sales fell by 33 % from the third quarter of 2008 to EUR 130.5 mn .,0,negative
"In 2010 , the Marimekko Group s net sales were EUR 73,297 thousand ( EUR 72,473 thousand ) and operating profit was EUR 8,169 thousand ( EUR 6,291 thousand ) .",1,neutral
"After the split , the number of K shares will be 9 540 000 and the number of A shares 26 885 540 .",1,neutral
It is expected to be completed by the end of 2007 .,1,neutral
"The Board established a Remuneration Committee with following members : - Sari Baldauf Chairman - Tapio Hintikka - Heikki Westerlund In addition , the Board decided to appoint a Nomination Committee at a later stage .",1,neutral
Panostaja did not disclose the purchase price .,1,neutral
The soapstone deposits in the Medvezhyegorsk area are expected to increase Tulikivi 's current reserves considerably .,2,positive
"STOCKMANN plc COMPANY ANNOUNCEMENT February 20 , 2007 , at 13.40 An annual summary of Stockmann 's stock exchange and financial press releases in 2006 is available on the company 's website at the address www.stockmann.com .",1,neutral
Another noticeable thing is that the search for Tata and Airtel brands was mostly related to ` broadband connections ' .,1,neutral
Public services will also be available .,1,neutral
"Cargo traffic fell 1 % year-on-year to 8,561 tonnes in September 2009 .",0,negative
"Finnish Scanfil , a systems supplier and contract manufacturer to the communications sector and the electronics industry , reports its net sales totalled EUR 94.7 mn in the first half of 2010 , down from EUR 99.5 mn in the first half of 2009 .",0,negative
Export declined by 6 percent to 16.4 million liters .,0,negative
"The EBRD is using its own funds to provide a 21.6 million A loan while the B portion of 10 million Euros has been syndicated to two Finnish commercial banks , Nordea Bank Finland Plc 7.7 million Euros and Pohjola Bank Plc 2.3 million Euros .",1,neutral
"The period-end cash and cash equivalents totaled EUR6 .5 m , compared to EUR10 .5 m in the previous year .",0,negative
"`` After this purchase , Cramo will become the second largest rental services provider in the Latvian market .",2,positive
"Tecnotree 's convergent charging solution includes functionality for prepaid and post-paid billing , charging and rating of voice calls , video calls and raw data traffic for both mobile and fixed networks .",1,neutral
"In the third quarter , net sales increased by 12 % year-on-year to EUR 159.5 million , or by 6 % at comparable currency rates growth .",2,positive
"Auburn 's sales in 2007 were CAD 41 million ( approximately EUR 27 million ) , and the company employs some 150 people .",1,neutral
The agreement is valid for four years .,1,neutral
"A total of 1,800,000 stock options were issued in the 2003 stock option scheme .",1,neutral
The extracted filtrates are very high in clarity while the dried filter cakes meet required transport moisture limits (TMLs)for their ore grades .,1,neutral
"These include software development for internet and mobile telephone content , communications , value-added software , financial services , security applications , systems integration and electronics .",1,neutral
"Okmetic closed its plant in Espoo in early 2004 , and all production lines from the site were moved to Okmetic 's plants in Vantaa , Finland and Texas , USA .",1,neutral
"In 2008 , the steel industry accounted for 64 percent of the cargo volumes transported , whereas the energy industry accounted for 28 percent and other industries for 8 percent .",1,neutral
Mr Skogster currently serves as the manager responsible for ABB Oy 's system modules for low voltage drives .,1,neutral
"The Network Test Business is part of Elektrobit 's Test and Automation Business Segment and employs 39 people in Finland and 22 people abroad , mainly in the US and Asia .",1,neutral
"Proha Plc ( Euronext :7327 ) announced today ( 19 May ) that its fully-owned subsidiary , Safran Software Solutions AS , has agreed to sell its 49 % share of Safran North America LLC to a SNA Holding AS , an investment group based in Norway .",1,neutral
"Sampo Bank 's market share of lending was 13.6 % , down from 14.4 % in the first quarter of 2008 .",0,negative
GyPSii service supports ten different languages including Korean and Russian .,1,neutral
"Finnish retailer Stockmann has won approval from the board of Swedish rival Lindex for a public tender offer with the aim of expanding the companies ' presence in Russia and other CEE countries , Stockmann said Monday .",2,positive
"The German company has also signed a code share agreement with another Oneworld member -- American Airlines Inc , part of US-based AMR Corp ( NYSE : AMR ) .",2,positive
"Jarmo Honkamaa , head of the oil refining business at Neste Oil , says the situation looks promising from their viewpoint .",2,positive
"The estimated turnover of the new company is LVL 2,5 million EEK 40 million .",1,neutral
"The stock is trading above both its MAPs and the 50-day MAP of SEK72 .983 is higher than the 200-day MAP of SEK70 .283 , a bullish indicator .",2,positive
"The total value of the order , placed by Aspo ' marine transportation subsidiary ESL Shipping Oy , is EUR 60 million ( USD 77.5 m ) .",1,neutral
Number of offers received for this contract is two .,1,neutral
The net sales decreased to EUR 49.8 million from EUR 59.9 million .,0,negative
"Ahlstrom Corporation STOCK EXCHANGE ANNOUNCEMENT 7.2.2007 at 10.30 A total of 56,955 new shares of Ahlstrom Corporation have been subscribed with option rights under the company 's stock option programs I 2001 and II 2001 .",1,neutral
"The transaction doubles Tecnomens workforse , and adds a fourth to their net sales .",2,positive
These moderate but significant changes resulted in a significant 24-32 % reduction in the estimated CVD risk .,2,positive
"Finnish dental care group Oral Hammaslaakarit Oyj posted a total net profit of 849,000 euro $ 1.1 mln in the first nine months of 2006 versus a net loss of 331,000 euro $ 421,000 in the same period of 2005 .",2,positive
"Following the transaction , Tulikivi restructured its operations into the Soapstone Fireplaces Business , Natural Stone Product Business and Ceramic Products Business units .",1,neutral
In Sweden the agreement covers data communication services as well .,1,neutral
"Affecto will provide a new EFI Data Warehouse and reporting solution , behavioural scoring system supporting operational decision processes and Data Migration from old legacy systems to the new EFI system .",1,neutral
The Finnish company previously said its operating result will be lower than the break-even posted a year earlier .,0,negative
"The power supplies , DC power systems and inverters designed and manufactured by Efore , and systems incorporating them are used in many different applications .",1,neutral
"Acando AB ( ACANB SS ) fell 8.9 percent to 13.35 kronor , the lowest close since Dec. 11 .",0,negative
Stora is due to release its fourth-quarter and 2009 full-year earnings on Feb. 4 .,1,neutral
Terms were not disclosed .,1,neutral
"Furthermore , efficiency improvement measures initiated earlier are now bearing fruit , '' CEO Jan Lang said .",2,positive
SSH Establishes New Global Sales and Marketing Group to be led by George Adams ; Adams Establishes Global Sales and Marketing Group to Drive Worldwide Programs Supporting SSH Tectia Enterprise Security Solutions,1,neutral
"Nokia shares hit 13.21 euros on Friday , down 50 percent from the start of the year in part because of the slow introduction of touch-screen models .",0,negative
"A downloadable instruction sheet , instructional video , and project ideas for the award-winning Everywhere Punch TM Window System can be found at www.fiskars.com .",1,neutral
"Systeemitiimi 's sales and project resources will also be strengthened , director Paul Skogberg said .",2,positive
"HELSINKI ( Thomson Financial ) - Kone said it has won four orders in Saudi Arabia , United Arab Emirates and Qatar worth 40 mln eur .",2,positive
"`` Following last year 's good profit development , we have entered the current year in a good position .",2,positive
Grapevine city officials in September approved $ 35 million in tax rebates and grants for the expansion .,2,positive
"---------------------------------------------------------------------- -------------- Munich , 14 January 2008 : BAVARIA Industriekapital AG closed the acquisition of Elcoteq Communications Technology GmbH in Offenburg , Germany , with the approval of the",1,neutral
Results are expected late in 2006 .,1,neutral
"`` We are delighted to welcome Elisa to our Board of Directors , '' said Garry McGuire , CEO of RMG Networks .",2,positive
The site will cover over six hectares .,1,neutral
"The company designs , manufactures and markets advanced composite products for industrial applications and consumer goods such as cross-country , alpine and Nordic Walking poles , floorball sticks and antenna radomes .",1,neutral
The company said it observed a current stabilisation in prices and there is potential for higher prices for deliveries in the first quarter of 2011 .,2,positive
Revenues at the same time grew 14 percent to 43 million euros .,2,positive
"The changes will take effect on 1 January 2010 , and they are not estimated to have an impact on the number of employees .",1,neutral
IonPhasE 's second major owner is venture capital firm Aura Capital .,1,neutral
Fortum also has a blocking stake in Northwestern TGK-1 .,1,neutral
"Raute , headquartered in Nastola , Finland , is a technology company serving the wood products industry worldwide .",1,neutral
The new activity will incur an investment of about 5 MEUR .,1,neutral
Elcoteq 's revenues in 2007 were approximately EUR 120 million .,1,neutral
Nokia - the world 's largest mobile phone manufacturer - and China Postel - China 's largest mobile phone distributor - have a long-standing partnership that continues to grow stronger over time .,2,positive
Kirsi Rantanen was previously development director for HK Ruokatalo 's poultry business .,1,neutral
Performance in the second half of 2009 exceeded expectations .,2,positive
"BasWare 's CEO Ilkka Sihvo comments in conjunction with the Interim Report : `` As a whole , BasWare succeeded well in the second quarter of 2007 .",2,positive
The order is related to renewing the network of the telecommunications operator .,1,neutral
"So far as is known , he did not sell shares that he owns personally .",1,neutral
"The connectivity unit has more than 100 e-invoice customers , and the number of annual transactions stands at nearly one million .",1,neutral
"The report goes on to provide detailed profiles of ten leading European specialty chemicals companies , and brief profiles of other major players .",1,neutral
"Finnish steel maker Rautaruukki Oyj ( Ruukki ) said on July 7 , 2008 that it won a 9.0 mln euro ( $ 14.1 mln ) contract to supply and install steel superstructures for Partihallsforbindelsen bridge project in Gothenburg , western Sweden .",2,positive
Mr. Doring has been with Eaton since 1989 and acted as the Business Unit Manager for Eaton 's Power Controls Business Unit since January 2007 .,1,neutral
"CompaniesandMarkets.com provides a wide range of research reports , industry statistics and competitive intelligence on the industrial sector .",1,neutral
The economic occupancy rate of Sponda 's property portfolio rose to 91.2 % from 88.8 % in 2006 .,2,positive
"Maggie Ramsey 's wait - and those of thousands of Oregon and Washington guides , anglers and others who flock to his frequent seminars - is nearly over .",1,neutral
"Bids or offers include at least 1,000 shares and the value of the shares must correspond to at least EUR4 ,000 .",1,neutral
Solteq Plc ANNOUNCEMENT 16.12.2010 SHARE REPURCHASE 16.12.2010 In the Helsinki Stock Exchange Solteq Plc now holds a total of 486.969 shares including the shares repurchased on 16.12.2010 .,1,neutral
"Finnish silicon wafer technology company Okmetic Oyj ( OMX Helsinki : OKM1V ) reported on Thursday ( 7 August ) an operating profit of EUR5 .3 m for the period January-June 2008 , up from EUR3 .3 m in the corresponding period in 2007 .",2,positive
"Metso expects its net sales to increase by about 10 % in 2008 , at comparable exchange rates .",2,positive
"Honkarakenne also decided yesterday to sell 88,500 of its B series shares to key staff members for EUR2 .9 per share .",1,neutral
The company confirmed its estimate for lower revenue for the whole 2009 than the year-ago EUR93 .9 m as given in the interim report on 5 August 2009 .,0,negative
"In the reporting period , net sales rose by 8 % year-on-year to EUR64 .3 m , due to the business acquisitions realized during the first half of 2008-09 , the effect of which was EUR10 .9 m in the review period .",2,positive
"The company 's consolidated operating profit amounted to EUR 15.86 mn , up from EUR 4.14 mn year-on-year .",2,positive
"Outotec 's scope of delivery includes design , basic engineering and supply of proprietary equipment for a sinter plant with a grate area of 496 square meters .",1,neutral
Donations to universities The Annual General Meeting authorized the Board of Directors to donate max .,1,neutral
"The money will be spread mainly over 2011 and 2012 , the company said .",1,neutral
"Kaleva Kustannus Oy ( business ID 0187274-0 ) has , according to its notice , on 10 August 2009 acquired 4,458,000 Alma Media shares .",1,neutral
"Operating profit was EUR -0.1 mn , down from EUR 1.3 mn .",0,negative
As a part of the agreement 10 employees from the John Deere Forestry documentation functions will transfer to DokuMentori Oy .,1,neutral
"Its board of directors will propose a dividend of EUR0 .12 per share for 2010 , up from the EUR0 .08 per share paid in 2009 .",2,positive
"In the first quarter of 2008 , Sacanfil 's net sales totalled EUR 50.0 mn and its operating profit EUR 4.7 mn .",1,neutral
The markets expect Heineken to sell Hartwall as a whole or in parts .,1,neutral
"Local government commissioner of +àm+Ñl , Kurt Svensson , says he will contact the management of Finnish company Componenta to find out if there are any alternatives to the company 's decision to close down its plant in +àm+Ñl .",1,neutral
"The major part of the deliveries include different AC and CXE amplifier solutions and products by Belgian DINH Telecom , a broadband solutions company acquired by Teleste in the spring of 2007 .",1,neutral
"Cash flow from operations totalled EUR 2.71 mn , compared to a negative EUR 0.83 mn in the corresponding period in 2008 .",2,positive
Revenue grew 1 percent to euro742 .2 million US$ 964 million from euro735 million .,2,positive
Finnish silicon wafer technology company Okmetic Oyj OMX Helsinki : OKM1V said on Wednesday 17 September that it will invest EUR6m in its sensor wafer business during 2009 .,1,neutral
The new SEPA cads will replace Finnish bank cards .,1,neutral
Finnish media company Talentum Oyj 's net profit decreased to 2.5 mln euro ( $ 4.0 mln ) for the first quarter of 2008 from 3.0 mln euro ( $ 4.7 mln ) for the same period of 2007 .,0,negative
"Finnish steel maker Rautaruukki Oyj ( HEL : RTRKS ) , or Ruukki , said today its net loss contracted to EUR 49 million ( USD 68.2 m ) for the first nine months of 2010 from EUR 229 million for the same period a year ago .",2,positive
"In 2008 , the deal is likely to bring savings of EUR 20mn-25mn .",2,positive
Operating loss totaled EUR 0.3 mn compared to a profit of EUR 2.2 mn in the corresponding period in 2007 .,0,negative
"The Lithuanian beer market made up 14.41 million liters in January , a rise of 0.8 percent from the year-earlier figure , the Lithuanian Brewers ' Association reporting citing the results from its members .",2,positive
Pentik+ñinen emphasises that the most of the internet contents media houses provide can not be free forever .,1,neutral
The company 's net sales in 2009 totalled MEUR 307.8 with an operating margin of 13.5 per cent .,1,neutral
Amanda said that it had already made a USD5 .0 m investment commitment in Russia Partners II fund in July 2005 .,1,neutral
Total operating revenue grew by 27.6 % year-on-year to EUR61m .,2,positive
The Finnish textiles and clothing company Marimekko Corporation ( OMX Helsinki : MMO1V ) reported on Wednesday ( 5 November ) an operating profit of EUR8 .1 m on net sales of EUR59m for the period from January to September 2008 .,1,neutral
"Luna took fifth place on six-under 207 , a shot behind Spain 's Beatriz Recari and Germany 's Martina Eberl , while Welsh player Becky Brewerton was the highest-placed British finisher , sharing seventh place on three-under 210 after shooting 71 .",1,neutral
"Finnish software company QPR Software Plc ( OMX Helsinki : QPR1V ) reported on Thursday ( 23 October ) an operating profit of EUR63 ,000 on net sales of EUR1 .5 m for the third quarter 2008 .",1,neutral
"Ahlstrom , headquartered in Helsinki , Finland , is a global company involved in the development , manufacture and marketing of high performance fibre-based materials .",1,neutral
"These sections will be put into place to form the load-bearing steel structure of the bridge , '' says Sami Eronen , Senior Vice President , Infrastructure and Northern Europe , Ruukki Construction .",1,neutral
The company pledged that the new software would render e-mails and other documents much as they appear on desktop computers .,1,neutral
It is expected to be online by 2011 .,1,neutral
"BasWare is headquartered in Espoo , Finland .",1,neutral
`` We have the most expensive water brand in Finland at the moment . '',1,neutral
Finnish beverage company Olvi is one of the last listed companies in Finland that has not yet published its financial result for the second quarter of 2009 .,1,neutral
"Both operating profit and turnover for the three-month period increased , respectively from EUR0 .9 m and EUR8 .3 m , as compared to the corresponding period in 2005 .",2,positive
"Handelsbanken ranked before Local Cooperative Banks and Aktia in customer loyalty this time too , however .",2,positive
at 9:00 EET Alma Media 's Annual Report for 2009 is scheduled to be published in calendar week 9 .,1,neutral
Operating profit of the Asian plants grew markedly .,2,positive
Elcoteq has a global network of After Market Service sites which have a long experience in serving Consumer Electronics and Systems Solutions customers .,1,neutral
Finnlines has six ships under construction in China with deliveries scheduled between the first quarter of 2011 and the final quarter of 2012 .,1,neutral
Okmetic expects its net sales for the first half of 2009 to be less than in 2008 .,0,negative
"Also , Westpac is to issue a benchmark , 18 month FRN deal in Euros .",1,neutral
"The newly-completed Allure of the Seas and its identical sister ship , Oasis of the Seas , which was completed last year are the world 's largest cruise ships .",1,neutral
The order was worth EUR 8mn .,1,neutral
Two other sites will be included later on .,1,neutral
"Oka specialises in new construction , renovation work of residential and non-residential building as well as premises for industrial and logistical use .",1,neutral
"Trading under the name Velta UK , a former Uponor brand , the company has been Uponor 's long-term partner in supplying Velta-branded systems particularly for the commercial and industrial building sector in the UK and internationally .",1,neutral
Ponsse projects the forest machine markets to improve more than expected in 2010 from the previous year .,2,positive
Operating profit margin increased from 11.2 % to 11.7 % .,2,positive
"LIGHTS OUT Before curfew , curl up with the latest bestseller and treat your eyes to the perfect reading light from Luceplan .",1,neutral
"TietoEnator was down 1.13 pct to 18.38 , extending recent lows after last week 's second-quarter report , dealers said .",0,negative
"The payment of 2.779 million litas in interest on a long-term loan provided by Ragutis ' majority shareholder , Estonia 's A. Le Coq , also added to the losses .",0,negative
TeliaSonera said about $ 100 million will be invested in the next year in the region to bring mobile coverage to about 90 % of Nepal s population .,2,positive
The hack had been extra nefarious because the tweets activated without being clicked on - it was enough for Web surfers to move their mouse cursors over them .,0,negative
"It expects revenue between $ 8.4 billion and $ 8.7 billion , compared to analyst estimates of $ 8.67 billion .",1,neutral
"The executive said that countries such as Brazil , Chile , Argentina and Mexico will lead the adoption in the business Ethernet services segment , while Brazil and Mexico will be the early adopters of carrier Ethernet for mobile backhaul .",1,neutral
"`` My wife is looking forward to getting a paycheck again , '' he quipped recently as a six-knot current swirled around his anchored and heavily sponsored jet sled .",1,neutral
No financial details were available .,1,neutral
"Sales improved to SEK 1,553 mn , compared with SEK 1,408 mn .",2,positive
"PA ) , JPMorgan Chase and Co ( NYSE : JPM ) and Pohjoa Bank are joint lead-managers on the senior , unsecured deal .",1,neutral
Finnish operator Elisa and Aker Yards have signed a long-term service deal through which Elisa will deliver all necessary voice and data services for Aker Yards in Finland .,2,positive
"Meanwhile , Electrowatt-Ekono Philippines , Inc. was also awarded a three-year operation and maintenance ( O&M ) contract by FR Cement Corporation .",2,positive
`` This could be us .,1,neutral
"The company 's board of directors will propose a dividend of EUR 0.95 per share for 2008 at the annual general meeting , scheduled to be held on March 23 , 2009 .",1,neutral
"Deliveries of Nokia 1112 , Nokia 2310 and Nokia 2610 are expected to start in the second quarter of 2006 .",1,neutral
"In addition to fireplace exports , demand for lining stone has exceeded the level of the earlier part of the year and will continue to be clearly brisker for the remainder of the year .",2,positive
"In Lithuania , operating profit rose to EUR 190,000 from EUR 70,000 in the corresponding period in 2005 .",2,positive
"The total value of the project is about EUR53m , including the plots that will be transferred to Atria .",1,neutral
"Finnish Sampo-Rosenlew manufactures approximately seven forest machines monthly , and about half of machines are exported .",1,neutral
"Operating profits in the half were  0.8 m , down from  0.9 m as Glisten invested in the brand and the management team .",0,negative
"` This order is included in Wartsila 's order book in the second quarter , ' the company added .",1,neutral
"Salcomp 's charger manufacturing plant in India is located in the Nokia Telecom Park in the state of Tamil Nadu , in the eastern part of India .",1,neutral
"China Unicom , NYSE : CHU , HKSE : 0762 , and SHSE : 600050 , the second largest mobile carrier in the country .",1,neutral
"When cruising , the revs fall as less engine output is required .",1,neutral
"The business units of the InvestLesProm Group cover the full forest industry chain , and the Group owns forests , sawmills , paper and pulp mills , and other processing plants .",1,neutral
"Destia Oy is a Finnish infrastructure and construction service company building , maintaining and designing traffic routes , industrial and traffic environments , but also complete living environments .",1,neutral
"Kalnapilio-Tauro Grupe ( Kalnapilis-Tauras Group ) , which is owned by Denmark 's Royal Unibrew , raised its market share to 25.18 percent from 23.74 percent , as beer sales for the seven months jumped by 14.5 percent to 40.5 million liters .",2,positive
Its other well-known brands include fitness equipment maker Precor and U.S. - based ball sports equipment maker Wilson .,1,neutral
The construction project is scheduled to start in the second quarter of 2009 and the new building is scheduled to be in place by the end of 2010 .,1,neutral
`` We are selling an information systems development business to the Finns .,1,neutral
"Tieto 's service is also used to send , process and receive materials related to absentee voting .",1,neutral
"As a result , it has started negotiations with the banks on provisional amendments concerning the covenants and other credit terms .",1,neutral
"The company has delivered the technical infrastructure , used by NAV for their data warehouse and business intelligence initiatives .",1,neutral
"The company serves customers in various industries , including process and resources , industrial machinery , architecture , building , construction , electrical , transportation , electronics , chemical , petrochemical , energy , and information technology , as well as catering and households .",1,neutral
No financial details were reported .,1,neutral
( A spokesperson told WWD to expect a 50-50 mix of clothing and home decor . ),1,neutral
"Cencorp , headquartered in Virkkala , Finland , develops and supplies automation solutions to the electronics and semiconductor industry that enhance productivity .",1,neutral
"In stead of being based on a soft drink , as is usual , the Teho energy drink is made with fresh water .",1,neutral
"Markets had been expecting a poor performance , and the company 's stock was up 6 percent at  x20ac 23.89 US$ 33.84 in early afternoon trading in Helsinki .",2,positive
Ruukki Group calculates that it has lost EUR 4mn in the failed project .,0,negative
"`` We 're delighted with the move '' says Morna Cowie , co-owner , above , `` it 's double the size of our current shop and has a lovely feel to it . ''",2,positive
"The Group owns and operates a fleet of more than 800dwt , while container capacity is 17,000 TEUs , and manages a diversified fleet of its own railway rolling stock of over 17,000 units .",1,neutral
"a January 11 , 2010 EPHC board of directors has approved an increase in the quarterly dividend from $ 0.03 to $ 0.05 per share .",2,positive
BasWare Order Matching automatically matches purchase invoices with approved purchase orders .,1,neutral
"Mr Priit Kasak , Balti Metsamasina 's owner , said the Rakvere-based company wishes to increase Valmet 's market share from 27 % to a third in a couple of years .",2,positive
"A. Le Coq Special was developed for the bicentenary of the company and the trade mark , the brewer said .",1,neutral
"An  of the invention , released by the Patent Office , said : `` A non-coherent search matrix is formed of said correlation function matrix .",1,neutral
The third order awarded to Outokumpu Technology is by Shalkiya Zinc of Kazakhstan for the Shalkiya zinc-lead project in Kazakhstan .,2,positive
"This could be any of us at any time , '' she said .",1,neutral
Salonen added that data shows producers ' pulp inventories in North America are declining . ',0,negative
"Talentum expects that the net sales of its core business will increase in 2008 , compared to 2007 .",2,positive
The ongoing project where Tekla Structures is being used is the Vashi Exhibition Centre being developed by Insteel Engineers Pvt Ltd-IIVRCL Infrastructures & Projects Ltd & CIDCO .,1,neutral
Net sales in 2008 are expected to be on the same level as in 2007 .,1,neutral
"The facility will have a lettable area of some 19,000 sq m. The plot for the plant , located in the Ratasmaki business park , will be purchased from the City of Forssa .",1,neutral
"It 's even a little bit higher than Yara 's multiples on itself , ' an analyst in Helsinki said .",1,neutral
Upon completion of the sale Proha would get some USD12 .7 m for its stake in Artemis .,1,neutral
"JP Morgan expects that Scala will lower Nobel Biocare 's growth forecast for 2007 from the current guidance of 23-25 pct , as well as the operating margin target from the current 34-35 pct .",0,negative
Finnish Outotec has been awarded a contract to supply a new zinc roaster with gas cleaning and sulphuric acid plant for the OZK Kardzhali zinc smelter in Bulgaria .,2,positive
Nordea will coordinate the syndicated loan .,1,neutral
We are pleased to invite you to join M-real 's international conference call at 3:00 p.m. EET .,1,neutral
The issue came up in connection with discussion with local municipalities concerning the sale of water to industrial facilities .,1,neutral
"A spokesman said : `` The food store center , subject to council and local support , could comprise a supermarket or smaller store and other niche outlets , and this will be firmed up following consultation with the council and local community regarding appropriate uses and occupiers . ''",1,neutral
"ADP News - Feb 13 , 2009 - Finnish retailer Kesko Oyj HEL : KESBV said today its total sales , excluding value added tax VAT , stood at EUR 661.3 million USD 853.1 m in January 2009 , down 15.2 % year-on-yea",0,negative
Comparable operating profit decreased to EUR 13.8 mn from EUR 17.1 mn in the corresponding period in 2005 .,0,negative
"However , the proportion of the paid standing orders grew in 2009 .",2,positive
"The Innova 2 building will be located close to downtown , in the immediate vicinity of Paviljonki and the travel center , and within walking distance from the heart of the city thanks to the trade fair bridge .",1,neutral
Finnish Rautaruukki has been awarded a contract to supply and install steel superstructures for the Partihallsf+Ârbindelsen bridge in Gothenburg in Sweden .,2,positive
The value of the orders is over EUR 10mn .,1,neutral
"The sellers include 40 shareholders , including Intellibis management , employees and other investors .",1,neutral
"According to Heikkil+ñ , more than just `` refreshment and energy '' will soon be found in soft drinks also in Finland .",1,neutral
Following the increase the company+óEUR TM s capital totals 5.5 mln Romanian lei $ 1.98 mln-1 .56 mln euro .,1,neutral
Tekla Structures 16 is ` all about you and your team ' and compatible with the Windows 7 operating system .,1,neutral
The transaction was announced on September 29 when Pohjola Insurance agreed to pay EUR 80 million ( USD 106.3 m ) in cash for Pohjantahti .,1,neutral
Return on capital employed ROCE was a negative 2.3 % compared to 11.3 % in 2007 .,0,negative
The deal was worth about EUR 1.2 mn .,1,neutral
The real estate company posted a net loss of +ó  x201a -¼ 59.3 million +ó  x201a -¼ 0.21 per share compared with a net profit of +ó  x201a -¼ 31 million +ó  x201a -¼ 0.11 per share for the corresponding quarter of 2007 .,0,negative
"Poyry 's contract includes engineering management , civil and detail engineering services , and time scheduling and procurement services .",1,neutral
`` The lowering of prices by us and by our competitors shows that the real estate market has stabilised and returned into balance and apartments are acquiring a fair price in the eyes of our clients .,2,positive
"ALEXANDRIA , Va. , May 16 -- Kenneth Bower of Vista , Calif. , has developed an ornamental design for a handset , the U.S. Patent & Trademark Office announced .",1,neutral
Swiss franc surged to record 1.42 euros after it reported sharpest gain in manufacturing in March .,2,positive
RusHydro has an agreement to transfer its stakes in OESK and the five ERCs into the trust management of Inter RAO .,1,neutral
"`` The Intel Atom processor has had tremendous success in the marketplace since its launch over 2 years ago , '' said Pankaj Kedia , director of global ecosystem programs for Intel Corp. 's Ultra Mobility Group .",2,positive
"The Annual Report contains the financial statements , the consolidated financial statements , the report by the Board of Directors and the auditor 's report .",1,neutral
"In today s business , you have to pre-empt what consumers want , said Mohammed Zainalabedin , General Manager , Zain Bahrain .",1,neutral
Finnish metal components supplier Componenta Oyj said its net profit went up to 3.5 mln euro $ 4.5 mln in 2006 from 2.2 mln euro $ 2.8 mln in 2005 .,2,positive
"EQT has completed its exit from Salcomp , a Finnish company that makes mobile phone chargers , by selling its remaining stake to Swedish investment group Nordstjernan for about ( EURO ) 35 million ( $ 47 million ) .",1,neutral
"Outotec 's delivery covers the engineering , supply and construction of a circulating fluid bed calcination plant with a capacity of 1,600 tons of alumina per day .",1,neutral
"They can be used to control the speed of electric motors used by industry and municipal engineering , and in power generation using renewable energy .",1,neutral
The sellers were the founders of the company .,1,neutral
"Finnish printed circuit boards ( PCBs ) maker Aspocomp Group Oyj said on December 4 , 2006 it named Henry Gilchrist senior vice president of the group 's Asian operations , as of January 8 , 2007 .",1,neutral
"In 2009 , it reported net sales of approximately EUR 6mn .",1,neutral
"Earlier today , Geberit 's Finnish rival Uponor OYJ cut its full-year sales growth forecast to 6 pct from 10 pct , blaming tough conditions in Germany and the US , as well as currency factors .",0,negative
"Established in 1987 , the SRV Group is a private Finnish construction concern with operations in Finland , the Baltic countries and Russia .",1,neutral
Finnish lifting equipment maker Konecranes HEL : KCR1V said on 29 July 2009 it has raised its stake in Austrian manipulator maker ACS Konecranes to 80 % and bought German sector player Knight Europe .,2,positive
"Payment for acquired shares will be made in cash , and the price per share will be EUR 1 plus an administration fee .",1,neutral
"The mall is part of the Baltic Pearl development project in the city of St Petersburg , where Baltic Pearl CJSC , a subsidiary of Shanghai Foreign Joint Investment Company , is developing homes for 35,000 people .",1,neutral
"The report examines the medical equipment business structure and operations , history and products , and provides an analysis of its key medical equipment revenue lines .",1,neutral
"According to him , construction work will start in spring 2007 , and the facility is to be commissioned in spring 2008 .",1,neutral
"We are glad that our long co-operation with SODRA continues '' , comments Stig-Goran Sandberg , Affecto 's Area Manager for Baltic operations .",2,positive
"Operating profit for the 12-month period decreased from EUR157 .5 m , while net sales increased from EUR634 .3 m , as compared to 2007 .",0,negative
"According to Finnish Scanfil 's founder and chairman of the board , Jorma J. Takanen , the company has to look for growth abroad .",1,neutral
"It would be premature to talk about dates , volume and the investment procedure , '' he said .",1,neutral
Scanfil has also issued a profit warning .,0,negative
"OMEO ( www.omeo.se ) employs 55 and expects net sales of some 23 mln euro ( $ 29.8 mln ) for fiscal 2006-2007 , ending April 30 , 2007 .",1,neutral
"Forestries were also higher , driven by yesterday 's bullish analyst comment on Stora Enso in Dagens Industri , dealers said .",2,positive
"Cash flow from operations totalled EUR 7.4 mn , compared to a negative EUR 68.6 mn in the second quarter of 2008 .",2,positive
"Proline Plus is available in both adjustable single and multichannel models and fixed volume single-channel models , in volume ranges from 0.1 micro litres to 10 ml .",1,neutral
"The redesigned crushing circuit has been in operation since the start of September and its overall production rate on a weekly basis is in excess of an average of 40,000 tonnes a day .",1,neutral
"Stockmann and Swedish sector company AB Lindex entered into an agreement on September 30 , 2007 , whereby Stockmann , or a wholly-owned subsidiary of it , will make a public tender offer for all of Lindex 's issued shares .",2,positive
"GUANGDONG , October 26 , SinoCast -- Nokia Telecommunications Dongguan branch entered into a letter of intent to open a Nokia Class in Qingyuan Polytechnic , Qingyuan City of Guangdong Province .",1,neutral
"Previously , EB delivered a custom solution for LG Electronics and now is making it commercially available for other mobile terminal vendors as well as to wireless operators .",2,positive
The corrected chapter is in its entirety below .,1,neutral
The aim is to achieve EUR 2.5 mn yearly savings .,2,positive
"Companies evaluated in the report include Aladdin , CA , F-Secure , Kaspersky , Marshal , McAfee , Microsoft , Panda , Proofpoint , Sophos , Symantec , Trend Micro , Tumbleweed , and Websense .",1,neutral
"The two companies will also partner in further developing Raiso 's cholesterol lowering brand , Benecol .",2,positive
A merger between UPM and Finnish-Swedish Stora Enso is not likely either .,1,neutral
"LONDON ( AFX ) - Intertek Group PLC , a testing and inspection company , said its commercial and electrical division has bought Finland-based company Natlabs Oy from Etteplan Oyj for 1.3 mln eur in cash .",1,neutral
"POYRY PLC Additional information by : Heikki Malinen , President and CEO , Poyry PLC tel. +358 10 33 21307 Poyry is a global expert in consulting and engineering .",1,neutral
"The report profiles 158 companies including many key and niche players including major Nonwovens manufacturers such as Ahlstrom Corporation , Asahi Kasei Corporation , Buckeye Technologies , Inc. , EI .",1,neutral
"Order intake grew by 40 % year-on-year and 30 % year-on-year , respectively , to EUR 576 million and EUR 1.7 billion for the respective January-September and July-September 2010 periods .",2,positive
"`` I 'm trying to deal with slavery from a different perspective to balance the story , '' says DeRamus , formerly a writer at the Detroit Free Press and the Detroit News .",1,neutral
The financial details of the acquisition were not disclosed .,1,neutral
"The final price will be specified by 14 May 2010 , the acquiring company said .",1,neutral
The fine print is here .,1,neutral
The diesel margin has remained high .,2,positive
The bank 's leasing arm Nordea Liising ended the year with a profit of 4.4 million euros .,1,neutral
Finlan 's listed food industry company HKScan Group controlled companies in the Baltics improved revenues by EUR 3.5 mn to EUR 160.4 mn in 2010 from EUR 156.9 mn in the year before .,2,positive
"Cost cutting measures , which have produced around EUR70m of savings over the past nine months , have dampened the airline 's loss , Finnair said .",2,positive
"Cerberus Capital Management LP-backed printing paper maker NewPage Corp. has posted mixed second-quarter results , casting a cloud over its planned initial public offering .",0,negative
"New Delhi , July 17 -- Sahlberg Teppo , Kallio Timo and Mustonen Tuomas of M Real OYJ , Espoo , Finland have developed novel markings and methods of producing the same .",1,neutral
"In contrast , the company 's net loss for the third quarter of 2009 contracted to EUR 76 million from EUR 256 million for the corresponding period a year ago .",2,positive
"One of the headboxes will be equipped with a modern consistency control system to ensure cross machine profile of the plasterboard , company said in a statement received by Lesprom Network .",1,neutral
"The city will invite , however , a public procurement tender for the tailor-made public furniture , such as park benches , litter receptacles , public toilets , as well as bus shelters , street lights , and other .",1,neutral
"The technology will become available to businesses from the fourth quarter , Nokia said .",1,neutral
"Elcoteq 's global service offering covers the entire lifecycle of products , from product development to after-market services .",1,neutral
Finnish investment group Norvestia Oyj said its net profit fell to 23.5 mln euro $ 30.6 mln in 2006 from 33.5 mln euro $ 43.6 mln in 2005 .,0,negative
"F-Secure Internet Security 2010 is a security service for surfing the web , online banking and shopping , e-mail , and other online activities .",1,neutral
"The OMX Helsinki index was 0.33 pct lower at 9,364.80 , while the OMX Helsinki CAP portfolio index was down 0.34 pct at 5,029.25 .",0,negative
It therefore seems that Finnish shipping company Viking Line will get the subsidy it needs to order its new LNG-fuelled vessel .,2,positive
"Aspocomp Group , headquartered in Helsinki , Finland , develops interconnection solutions for the electronics industry .",1,neutral
"Both operating profit and net sales for the six-month period increased , respectively , from EUR13 .8 m and EUR143 .6 m , as compared to the corresponding period in 2007 .",2,positive
The number of bodily injury cases quadrupled in 2000-2006 .,0,negative
Its market share widened to 48.51 percent from 48.31 percent a year earlier .,2,positive
"Trading in the new shares , which have right to dividends and other distributions of funds , will start on the exchange in Helsinki tomorrow .",1,neutral
The Finnish paints company acquired the remaining 49 pct that it did not own from Ukraine 's LGU for an undisclosed sum .,1,neutral
Cargotec 's business areas also include the container handling solutions business area Kalmar and the marine cargo handling and offshore load handling solutions business area MacGREGOR .,1,neutral
"With this acquisition the wireless modem unit and its approximately 1,100 employees were transferred to Renesas Electronics Corporation .",1,neutral
"It is necessary to strengthen the company 's operations , however .",1,neutral
No planned closing date was provided .,1,neutral
"In addition to the presentations held by President & CEO Kai Telanne and CFO Tuomas Itkonen , participants will have an opportunity to discuss with other members of the company 's management .",1,neutral
"Nokia Multimedia 's net sales totaled EUR 5.7 bn , up 45 % from the corresponding period in 2005 .",2,positive
"Following the acquisitions , Panostaja will establish a new business unit which will focus on heat treatment of metals .",1,neutral
The group said it intends to initiate within this year the process of buyout of minority shareholders of Ragutis with the aim of becoming the sole owner of the company .,1,neutral
No decision on such sale of the now issued or existing treasury shares to YA Global has been made yet .,1,neutral
Glaston 's net profit for the third quarter of 2007 dropped to 2.4 mln euro ( $ 3.5 mln ) from 3.5 mln euro ( $ 5.1 mln ) for the corresponding period of 2006 .,0,negative
Tekla Group 's net sales for 2006 were approximately 50 million euros and operating result 13.6 million euros .,1,neutral
No financial or pricing details were disclosed .,1,neutral
"Yara Suomi Ltd also provides nitrogen chemicals and technical nitrates to various sectors of industry , as well as products used in environmental protection .",1,neutral
Shares of Nokia Corp. rose Thursday after the cell phone maker said its third-quarter earnings almost doubled and its share of the global handset market increased .,2,positive
Finnish Bank of +àland reports its operating profit fell to EUR 4.9 mn in the third quarter of 2007 from EUR 5.6 mn in the third quarter of 2006 .,0,negative
"The poorest index figure was given to Finnish power company Fortum , 4.5 .",0,negative
"The company operates worldwide and employs in total approximately 47,000 persons .",1,neutral
"Following the payment made in April , the company has a total of EUR 23.0 million in loans from financial institutions .",1,neutral
"Also in Latvia , we act as a partner for bakery customers in both production and product development .",1,neutral
"The company 's plant in Russia will continue to make tyres for its near markets , while the plant in Nokia in Finland will manufacture tyres for other markets .",1,neutral
"The government started the sell-off last month , putting an 8 percent stake in TeliaSonera on the auction bloc .",1,neutral
It 's not .,1,neutral
The machinery now ordered will be placed in a new mill with an annual production capacity of 40 000 m3 of overlaid birch plywood .,1,neutral
The value of the orders is over EUR 25mn .,1,neutral
"- Demand for fireplace products was lower than expected , especially in Germany .",0,negative
The technology park will be built near St. Petersburg-based Pulkovo airport .,1,neutral
"BasWare Invoice Processing , BasWare Contract Matching , BasWare Order Matching and BasWare KPI Reporting Tool are part of the BasWare 's Enterprise Purchase to Pay solution suite .",1,neutral
The acquisition is expected to improve access to chrome ore resources in Turkey .,2,positive
"EPS from continuing operations came in at 0.30 eur , up from 0.17 .",2,positive
`` It allows the young child to move forward with his life . '',2,positive
"Operating profit excluding non-recurring items decreased to EUR 6.2 mn from EUR 16.8 mn in 2007 , representing 2.3 % of net sales .",0,negative
The shares subscribed will be eligible for trade on the following day from the registration .,1,neutral
Finnish forest industry group Stora Enso Oyj issued on Thursday ( 20 March ) a profit warning for the first quarter 2008 .,0,negative
"The shares subscribed for under the stock options were registered in the Trade Register on 20 January 2011 , as of which date the new shares will establish shareholder rights .",1,neutral
Philips was not available to comment on the report .,1,neutral
"Qualcomm estimated a first-quarter profit between 46 and 50 cents a share , excluding certain items , below the analyst estimate of 61 cents a share .",0,negative
"Finnish bank Pohjola Bank Plc HEL : POH1S said today that it will issue a EUR 40 million USD 51.2 m index-linked bond , Pohjola Tutkimuksen Tahdet VIII-2010 Pohjola Research Stars VIII-2010 , on October 27 , 2010 .",1,neutral
"Talvik says the relocation of application programs on servers will continue , while HP servers were approved because of HP supplying a tailor-made solution to Elisa .",1,neutral
"In the video above Marimekko 's design manager , Noora Niiininoski , explains that the brands are a natural fit for each other because they both have a timeless style .",1,neutral
"The company 's net profit rose 11.4 % on the year to 82.2 million euros in 2005 on sales of 686.5 million euros , 13.8 % up on the year , the company said earlier .",2,positive
"Kaupthing forecasts that Finnish-Swedish Stora Enso will close its mill in Reisholz , in Germany .",1,neutral
"Tecnomen , headquartered in Espoo , Finland , develops messaging and charging solutions for telecomms operators and service providers worldwide .",1,neutral
"Founded in 2000 , BioView automates laboratory tests , especially diagnostic tests for cancer .",1,neutral
Raffles Equities Ltd became a substantial holder in Archer Exploration Ltd on January 12 with 11.7 million shares ( 18.2 pc ) .,1,neutral
"Furthermore , our fully electrically driven cranes are environmentally friendly .",2,positive
"Finnish security and privacy software solutions developer Stonesoft Oyj said on January 7 , 2008 that the preliminary sales of its StoneGate products grew by 59 pct year-on-year to 3.6 mln euro ( $ 5.3 mln ) for the fourth quarter of 2007 .",2,positive
"`` BasWare 's product sales grew strongly in the financial period , by 24 percent .",2,positive
Pharmaceutical market in Poland Global Research & Data Services published recently a market analysis about the pharmaceutical markets in Poland .,1,neutral
"`` Tweeple should check who 's following them , and be cautious when clicking on URLs and tinyurls . ''",1,neutral
"Department store sales improved by 14 % to EUR 1,070.6 mn .",2,positive
"In the building and home improvement trade , sales decreased by 22.5 % to EUR 201.4 mn .",0,negative
"Paychex has more than 100 offices serving approximately 554,000 payroll clients nationwide as of May 31 , 2009 .",1,neutral
"Operating profit , excluding non-recurring items , totalled EUR 1.0 mn , down from EUR 1.6 mn .",0,negative
"Finnish silicon wafer technology company Okmetic Oyj OMX Helsinki : OKM1V reported on Thursday 30 October an operating profit of EUR7 .4 m for January-September 2008 , up from EUR6 .1 m in the corresponding period in 2007 .",2,positive
Stichting Pensioenfonds ABP : 4 118 122 shares representing 5.19 % of the share capital and voting rights .,1,neutral
"All the ferries had run into trouble just outside the Stockholm archipelago , made up of more than 20,000 islands .",0,negative
Juha Haapakoski will continue as Editor-in-Chief with budget responsibility also with the new publisher .,1,neutral
"Elisa said mobile subscriptions grew 7 percent during 2007 , mainly because of customers adopting so-called third generation mobile technology .",2,positive
The final outcome of the rights offering is to be reported around 23 October 2009 .,1,neutral
"In the method the smelt spouts 2 are separated from the working area 6 by a shielding wall 8 , 10 arranged movable in relation to the smelt spouts .",1,neutral
Completion of the transaction is subject to a final agreement and a Due Diligence process .,1,neutral
"The Swedish buyout firm has sold its remaining 22.4 percent stake , almost eighteen months after taking the company public in Finland .",1,neutral
The value of orders on hand totaled EUR 237.1 mn .,1,neutral
"The program , which was started in the summer of 2007 , was originally estimated to last approximately two years .",1,neutral
"`` This vessel order will help Aspo secure the long-term competitiveness of its fleet , both in terms of technology and pricing .",2,positive
"Kesko offers Hilton to open a hotel on Kalinisky prospect in a 18,000-square metres building because of these difficulties .",1,neutral
`` It wo n't happen overnight .,1,neutral
Finnish industrial group Ruukki Group Plc OMX Helsinki : RUG1V said on Friday 14 November that its furniture business segment Incap Furniture has concluded personnel negotiations that were started at the end of September .,1,neutral
Saunalahti is a part of the Elisa group .,1,neutral
Nordic Walking was first used as a summer training method by cross-country skiers .,1,neutral
"In Finland , OP-Pohjola 's staff union is boycotting the group 's insurance sales tasks because the company has refused to take the sale of insurance into account in determining wages .",0,negative
`` We 've been feeling quite positive about the region as a whole .,2,positive
Earnings per share were higher at 0.48 against 0.37 a year before and ahead of market consensus of 0.40 eur .,2,positive
The acquisition of +àlandsbanken Sverige in 2009 burdened the performance with EUR 3.0 mn .,0,negative
Nokia and Capcom announced that Resident Evil Degeneration will be released on N-Gage later this year .,1,neutral
"BAVARIA Industriekapital AG 's 2006 revenues were EUR 333 million , with an EBITDA of EUR 51 million .",1,neutral
"Apartments of YIT Home may be purchased in 5 regions of Russia , where YIT subsidiaries carry out their activities : Moscow and Moscow region , St. Petersburg , Ekaterinburg , Kazan and Rostov-on-Don .",1,neutral
It is now the leading private road ambulance service company in Finland .,2,positive
"The works will include the laying of natural stone pavements and the installation of underground heating , and surface water drainage systems .",1,neutral
"Adanac Molybdenum of Canada has ordered grinding technology for its molybdenum project in British Columbia , Canada , while Shalkiya Zinc of Kazakhstan has awarded a contract for grinding technology for the Shalkiya zinc-lead project in Kazakhstan .",2,positive
The office space will rise above the remodeled Cannon Street underground station .,1,neutral
"Equity ratio was 60.9 % compared to 54.2 % In the third quarter of 2007 , net sales of the Frozen Foods Business totaled EUR 11.0 , up by about 5 % from the third quarter of 2006 .",2,positive
"During the rally , which was authorized by the city administration , a consulate official came out to the workers , spoke to them and took a letter from them .",1,neutral
"The parties have also agreed that L+ñnnen Tehtaat has the right to sell the remaining shares in Suomen Rehu to Hankkija-Maatalous 15 months after the purchase of the majority holding , at the earliest .",1,neutral
"In the fourth quarter of 2009 , Orion 's net profit went up by 33.8 % year-on-year to EUR33m .",2,positive
"One can also apply for jobs directly from the iPad , select which CV to attach and which covering letter is most appropriate for each position .",1,neutral
Valmet Automotive reports net sales of EUR 85mn and operating profit of EUR 8mn .,1,neutral
"Cargotec Corporation , Press Release , August 26 , 2008 at 10 a.m. Finnish time Cargotec 's MacGREGOR business area providing marine cargo handling and offshore load handling solutions has received significant offshore crane retrofit order .",2,positive
The acquisition is expected to take place by the end of August 2007 .,1,neutral
"Recovery has been evident in the liquid handling business , particularly in areas outside Europe and primarily in North America and Asia .",2,positive
"The new company , DiaPol S.r.l. , would manufacture tools meant for glass and stone pre-processing .",1,neutral
Finnish Raute Precision that supplies weighing and dosing systems and plants is changing its name to Lahti Precision .,1,neutral
Finnish property investment company Citycon plans to issue directed subordinated convertible bonds to institutional investors .,1,neutral
Sales by Seppala diminished by 6 per cent .,0,negative
"Russian Media Ventures ' minority shareholder Peter Hervy denied the plans to sell OVA Press , the daily said .",1,neutral
"Jun. 25 , 2008 ( Boy Genius Report delivered by Newstex ) -- The Nokia ( NYSE : NOK ) N78 , huh ?",1,neutral
"Exports accounted for 65.4 % of net sales , representing an all time record for the company .",2,positive
"In a separate announcement to the Helsinki stock exchange , Atria revealed that the company 's third quarter profits declined from EUR13 .9 m in the third quarter of last year to EUR12 .7 m in this year 's Q3 .",0,negative
Strategic and operational business information is objectively reported .,1,neutral
"Glaston 's own glass processing unit , Tamglass Glass Processing , is a manufacturer of high quality safety glass products operating in Finland .",1,neutral
"In April 2010 , Olvi 's range of ciders will expand with a strawberry-rhubarb and an apple-pear cider in green bottles with a new shape .",1,neutral
Net loss in the same period in 2009 was euro18 .6 million .,1,neutral
All YIT Capital Markets Day materials will be available on the company 's Internet site at www.yitgroup.com/investors at 10:30 on September 26 .,1,neutral
The measures result from the statutory joint negotiations with employees which started in February and concerned all operations in the country .,1,neutral
"Favourable currency rates also contributed to higher net sales , '' CEO Kari Kauniskangas said .",2,positive
"In October , UPM reported a third-quarter net loss of euro86 million $ 110 million compared with a net profit of euro120 million in 2007 .",0,negative
"Finnish Suominen Corporation that makes wipes , nonwovens , and flexible packaging , expects changes in the market situation to reduce sales of Suominen 's nonwovens and wet wipes from the previously estimated volumes .",0,negative
The company expects sales revenue of RMB8 .0 billion in 2009 .,1,neutral
The value of the firm 's forestry holdings increased by SEK 3.6 bn .,2,positive
"STORA ENSO , NORSKE SKOG , M-REAL , UPM-KYMMENE Credit Suisse First Boston ( CFSB ) raised the fair value for shares in four of the largest Nordic forestry groups .",2,positive
Marimekko Group 's full-year net sales are estimated to increase by about 10 % .,2,positive
"Section : Regional News - The demand in Finnair 's Asian traffic , measured in passenger kilometers , was up 34.9 % in August compare to last year .",2,positive
"29 September , 2010 Finnish waste management and recycling company Lassila & Tikanoja expands its operations in Russia by introducing its recently completed recycling plant in the city of Dubna near Moscow .",2,positive
"18 May 2010 - Finnish electronics producer Elcoteq SE HEL : ELQAV said today that it has signed an extensive cooperation agreement on industrialisation , manufacturing , distribution and after-market services for mobile phones with Japan 's Sharp TYO : 6753 .",2,positive
The operating margin came down to 2.4 % from 5.7 % .,0,negative
A broad range of connectivity options including 3G - HSPA and Wi-Fi gives consumers high speed access to the Internet .,1,neutral
The total value of these two contracts is over EUR 21 million .,1,neutral
The group 's net sales in 2007 were EUR683 .6 m.,1,neutral
"It is part of the development of the world-class magnetite deposit at Karara , which has the known potential for over 30 million metric tons of annual processing of magnetite over its estimated 30-year life .",1,neutral
No service pricing details were disclosed .,1,neutral
"9 September 2010 - Finnish stationery and gift retailer Tiimari HEL : TII1V said today its net sales rose by 2 % year-on-year to EUR5 .7 m in August 2010 , driven by growth in Finland , while demand in the Baltics remained weak .",2,positive
"Ahlstrom , headquartered in Helsinki , Finland , is a global leader in the development , manufacture and marketing of high performance fibre-based materials .",1,neutral
Last year SysOpen Digia invested in IBM product know-how in the building of portal and trading place systems and successfully implemented customer solutions supported by it .,2,positive
"A few months ago , Teva vice chairman Phillip Frost and Marathon Venture Capital Fund TASE : MARA sold Protalix shares .",1,neutral
The company said it estimates to make a slight profit thanks to cost-cutting measures .,2,positive
In the meantime the CEO 's duties will be assumed by Outotec 's Deputy CEO Seppo Rantakari .,1,neutral
Uponor improved its performance in spite of the decrease in residential construction in the US .,2,positive
Stora Chief Executive Jouko Karvinen has described the Russian tariff hikes as a threat to the future of the forest products industry in Finland .,0,negative
In July it and Quadriga Capital sold their Lewa GmbH pump-making business to Japan 's Nikkiso Co. .,1,neutral
With this acquisition Panostaja Oyj further expands its business area specialising in digital printing .,2,positive
Active shipping is essential for Finland .,1,neutral
The idea of saving electricity in data transfer is still a new one .,1,neutral
"After the reporting period , BioTie North American licensing partner Somaxon Pharmaceuticals announced positive results with nalmefene in a pilot Phase 2 clinical trial for smoking cessation .",2,positive
"The period 's sales dropped to EUR 30.6 million from EUR 38.3 million , according to the interim report , released today .",0,negative
Yakima created the position for him after emerging from economic downturns of its own .,1,neutral
"A In August 2007 , Latvijas Finieris ordered all production lines for a new green veneer mill to be built in Ukmerge , central Lithuania .",1,neutral
"CapMan , an asset manager , has EUR 3bn worth of assets under management in the Nordic region .",1,neutral
The forecast for 2012 is 3.3 % .,1,neutral
"Rapala VMC Corporation STOCK EXCHANGE RELEASE October 10 , 2008 at 11.45 am Kaupthing Bank Oyj ( `` Kapthing '' ) has informed Rapala VMC Corporation ( `` Rapala '' ) that it has interrupted the liquidity providing for Rapala 's share for the time being .",0,negative
Finnish Aldata Solution has signed a contract of supply its G.O.L.D. system to two French retail chains .,2,positive
"Of these shares 14,747,084 are held by the Company and the number of outstanding shares and voting rights attached to the shares amounts thus to 161,256,847 .",1,neutral
"Products include Consumer Electronics devices such as mobile phones and their accessories , set-top boxes , flat panel TVs as well as System Solutions products such as infrastructure systems , modules and other industrial segment products .",1,neutral
"Profit before taxes was EUR 5.4 mn , up from EUR 3.6 mn a year earlier .",2,positive
"Operating profit was EUR 0.6 mn , up from a loss of EUR 19mn a year earlier .",2,positive
"The fixed-term contract of Mr. Jarmo Ukonaho , the current General Manager of Incap 's Indian operations , will finish by the end of the year .",1,neutral
"For 2009 , Incap expects revenue of some EUR 70 million .",1,neutral
"The new office , located in Shenzhen , will strengthen Vaisala 's already 10-year old presence in China .",2,positive
The initial estimated total value was 1744900 EUR and the final award value was 1744900 EUR .,1,neutral
"The port facilities ' throughput is 250,000 TEUs and 7.5 mln tons of general cargo .",1,neutral
"Professional and consumer applications include personal navigation , personal safety , field and workflow management , and asset tracking .",1,neutral
- Cash flow from operating activities before investments was EUR 7.6 million EUR 2.5 million .,1,neutral
`` Capital expenditure on energy efficiency has unfortunately fallen along with the decline in the economy .,0,negative
Financial terms were not disclosed .,1,neutral
Pretax loss totalled EUR 162.3 mn compared to a profit of EUR 253.5 mn in 2007 .,0,negative
"The sale , comprising the margarine business in Finland and Poland , follows the approval of the Polish competition authorities earlier in October .",1,neutral
Solidium picked up Tikkurila shares as a dividend at a book value of EUR15 .80 per share .,1,neutral
"The order includes a steel frame , load-bearing roof structures and partition wall elements , and Rautaruukki said it expects to complete installation as early as May next year .",1,neutral
"In the first quarter of 2010 , the mark-to-market result was a pretax profit of EUR 133 million versus a loss of EUR 32 million in the same period last year .",2,positive
"The company said Offshore segment represented 43 % of the total marine engines orders for the July-September 2010 period , Merchant 33 % , Special vessels 18 % , and Cruise and Ferry , and Ship Design -- 2 % and 3 % , respectively .",1,neutral
"Then , it said the contract was estimated to contribute more than EUR150m to its net sales in 2010 .",2,positive
"Commission income decreased to EUR 3.8 mn , compared to EUR 4.6 mn in the third quarter of 2007 .",0,negative
"For example , net sales increased by 5.9 % from the first quarter , and EBITDA increased from a negative EUR 0.2 mn in the first quarter of 2009 .",2,positive
"Progress Group , QPR 's representative in Saudi Arabia and North Africa , has signed a framework agreement for a long term strategic relationship with ISE .",2,positive
Status : Agreed,1,neutral
Pretax loss totaled EUR 117mn compared to a loss of EUR 65mn in the corresponding period .,0,negative
"DnB Nord of Norway is the `` most likely Nordic buyer '' for Citadele , while Nordea would be a `` good strategic fit '' , according to the document published by Pietiek .",1,neutral
The Extraordinary General Meeting is expected to take place no later than 18 February 2011 .,1,neutral
All depends on financing .,1,neutral
The potential acquirer is Cencorp Corporation which is a related entity to SAV owing to each of SAV and Cencorp being a subsidiary of the Finnish Savcor Group Oy .,1,neutral
"The company said that it will supply the WCDMA 3G-HSPA radio network , including the modular , high capacity Nokia Flexi WCDMA base station in East Java , Bali , Sumatra and Batam .",2,positive
Financing of the project will come mainly from China .,1,neutral
"The acquisition was financed with $ 2.56 billion of debt arranged by Goldman , Sachs & Co. .",1,neutral
"Customers wave cards in front of the reader to make payments , similar to `` touch and go '' cards used in transport systems .",1,neutral
The service also enables users to watch e-mails in HTML format en is enhanced with 23 addition languages to choose from .,1,neutral
Investments in product development stood at 6.0 mln euro ( $ 8.8 mln ) .,1,neutral
The Kyroskoski investment is to be completed in late 2011 and the +ä+ñnekoski investment in the spring of 2012 .,1,neutral
"Retail chain Suomen L+ñhikauppa was given the index 5.8 , airline SAS 5.8 , TeliaSonera 's broadband 6.1 , German retail chain Lidl 6.1 , Tele Finland 's mobile subscriptions 6.1 , Tallink shipping line 6.3 , and power company Helsinki Energy 6.3 .",1,neutral
"The three year turn-around program is expected to ensure Salomon 's future competitiveness , the company said .",2,positive
"`` The biggest challenge was to make the piece look raw , '' Hansen said .",1,neutral
"Back then , Tikkurila 's former owner , Finnish chemicals company Kemira Oyj HEL : KRA1V , distributed an 86 % stake to Kemira shareholders to facilitate the divestment and listing of Tikkurila .",1,neutral
"Global sports equipment maker Amer Sports Corp. , whose brands include Atomic , Salomon and Wilson , saw a 64 percent increase in third-quarter net profit to EURO 47.4 million $ 65 million on strong sales and cost cuts .",2,positive
"( ADP News ) - Feb 11 , 2009 - Finnish management software solutions provider Ixonos Oyj ( HEL : XNS1V ) said today its net profit rose to EUR 3.5 million ( USD 4.5 m ) for 2008 from EUR 3.1 million for 2007 .",2,positive
The transaction is expected to be finalized by Dec 2009 .,1,neutral
"says Brian Burton , Head of IT Security , Vodafone UK .",1,neutral
"As earlier reported , Nokian Tyres is building a plant in the town of Vsevolozhsk in Russia 's Leningrad Region with an annual production capacity of 4 million tires .",1,neutral
"The group 's operating loss was EUR 0.8 mn , down from a profit of EUR 2.5 mn in 2004 .",0,negative
"October-December sales were 302 mln eur , or a 25.3 pct increase year on year .",2,positive
The beers differ slightly from mainstream beers .,1,neutral
"- The Group -¦ s sales during the period were EUR 31.6 million EUR 36.6 million , 1-6/2007 and profit before taxes was EUR 0.2 1.3 million .",1,neutral
The trade is in accordance with the agreement announced on 26 March 2008 .,1,neutral
The chain is to unite 45-50 centres by the end of 2008 .,1,neutral
"The order values at EUR 6.9 mn , and it consists of design services and hardware and software licences .",1,neutral
"( ADPnews ) - Dec 30 , 2009 - Finnish investment group Neomarkka Oyj ( HEL : NEMBV ) said today that it will furlough employee in its unit Reka Cables Ltd for less than 90 days , starting in January 2010 .",1,neutral
"Product deliveries will not be interrupted , the refiner said , giving no financial details .",1,neutral
"The total restructuring costs are expected to be about EUR 30mn , of which EUR 13.5 mn was booked in December 2008 .",1,neutral
"Both operating profit and net sales for the 12-month period increased , respectively from EUR4 .7 m and EUR26 .7 m , as compared to 2004 .",2,positive
The bridge will be built to the south of the existing bridge spanning the strait .,1,neutral
Profit after taxes totaled EUR 12.1 mn .,1,neutral
"According to Ringman , Finnish paper companies have acquired know-how and capacity in paper recycling , which has turned out to be a successful strategy .",2,positive
` Nordic infrastructure construction is one of our strategic growth areas .,1,neutral
"Componenta is a metal sector company with international operations and production plants located in Finland , the Netherlands , Sweden and Turkey .",1,neutral
The company reported net sales of 302 mln euro $ 441.6 mln and an operating margin of 16 pct in 2006 .,1,neutral
Sanoma Magazines ' net sales are estimated to grow in 2006 .,2,positive
The project also implies an underground parking lot for 56 vehicles .,1,neutral
`` The combined activities will create value for shareholders and be good for our employees and customers .,2,positive
The handset maker did not disclose any financial details .,1,neutral
"Finnish Ponsse has signed an agreement with Babcock Africa for the distribution and support of Ponsse forest machines , harvester heads , and information systems in South Africa .",2,positive
"A coker crane will be supplied to Tesoro Corporation 's Golden Eagle Refinery in Martinez , California , while a similar crane will be delivered to BP 's Castell refinery in Spain .",1,neutral
`` Operating profit declined mainly due to the increased cost of wood and recycled fiber and the strengthened euro . '',0,negative
"Operating loss totalled EUR 4.0 mn , compared to a profit of EUR 8.6 mn in the second quarter of 2008 .",0,negative
It also turned in earnings per share ( EPS ) of EUR 0.44 versus loss per share of EUR 2.26 .,2,positive
Grounds for the notification : Tiimari Plc 12/30/2010 issued Capital Convertible Loan allocation decision by the Board on 01/31/2011 .,1,neutral
"As a result of the transaction , Sanoma Budapest has acquired a stake in the online store Egeszsegbolt .",1,neutral
The purchase sum is about EUR 10mn US$ 12.97 mn .,1,neutral
"Consisting of seven interconnected units , Mega Image 's logistics center will be 347 metres in length and 12 metres in height .",1,neutral
EuroChem CFO Andrey Ilyin said : `` This facility marks another important step for EuroChem in securing the long-term financing necessary for our potash and other strategic projects '' .,2,positive
N-Viro operates processing facilities independently as well as in partnership with municipalities .,1,neutral
The Group 's cash flow from operations will be positive .,2,positive
The inventor was issued U.S. Patent No. .,1,neutral
Coffee will be served starting at 14:30 EET as well as after the event .,1,neutral
The previous offer was 3.4 % of voting rights and 12.3 % of capital .,1,neutral
"N +1 Group will pay EUR16 .5 m of the transaction price upon closing , and the remaining sum in 2012 .",1,neutral
"The mall will be financed on a parity basis by Pearl Plaza LLC , the joint venture company established by the Chinese investor Shanghai Industrial Investment Holdings Co Ltd , and SRV Group .",1,neutral
"Unit prices for straddle carriers vary between EUR700 ,000 and EUR900 ,000 , the company added .",1,neutral
Capitex Kalmar will continue to be responsible for the maintenance and technical development of the services .,1,neutral
"In Finland , the launch of tie-in sales of 3G mobile phones did not cause a dramatic rush in mobile retail outlets during the first few days .",1,neutral
Pharmaceutical market in Netherlands Global Research & Data Services published recently a market analysis about the pharmaceutical markets in Netherlands .,1,neutral
"Following the move , Stora Enso holding in NewPage will remain unchanged .",1,neutral
"mr Bakman sees also expansion options on the Tallinn-Helisnki link , claiming however , that operating the link with only a single ship is not enough .",1,neutral
The transaction is expected to be completed next spring .,1,neutral
"Nordstjernan will make the offer in approximately one month , in September 2007 .",1,neutral
"Finnish lifting equipment maker Kone Oyj said on October 4 , 2007 it won an order worth 15 mln euro $ 21.2 mln to deliver a total of 53 custom designed elevators to Norwegian shipbuilder Aker Yards ASA .",2,positive
"`` After a long , unprofitable period the Food Division posted a profitable result , which speaks of a healthier cost structure and a new approach in business operations , '' Rihko said .",2,positive
"The huge bridge girders will be delivered to the site from our plant in Ylivieska , Finland .",1,neutral
"Depending on the market situation , such projects are sold after 1 to 3 years after completion .",1,neutral
"`` We have a group of 120 volunteers made up of Digicel employees who will manage the distribution ... Over the next week , they will distribute the 19,000 tents to more than 150 organizations , '' Digicel Haiti CEO Maarten Boute said .",1,neutral
The Oxyview Pulse Oximeter is a common device to check patient blood-oxygen saturation level and pulse rate .,1,neutral
"Finnish electronics contract manufacturer Scanfil had net sales of EUR 52.2 mn in the first quarter of 2007 , down from EUR 60.1 mn a year before .",0,negative
The most significant challengers in the market are Logset and Sampo-Rosenlew .,1,neutral
To see a slide show of all the newest product releases from Fiskars .,1,neutral
"GS Engineering will install the valves at a liquefied natural gas LNG plant it has built for UAE LNG extraction and gas plants operator GASCO in Ruwais , UAE .",1,neutral
"STX Finland Oy signed a a preliminary agreement for the building of an environmentally friendly , new generation cruise ferry for Viking Line to manage on between Turku , Finland , and Stockholm , Sweden withViking Line ABP .",2,positive
"To see more of New Haven Register , or to subscribe to the newspaper .",1,neutral
Talentum 's net sales in September were smaller than expected .,0,negative
"In addition , the company is considering the start of production in Russia .",1,neutral
The value of the contracts is about EUR 3.3 mn .,1,neutral
Quality chargers under CHARGZ brand are sold in selected retail stores and other sales locations world-wide .,1,neutral
"Operating profit totaled EUR 5.5 mn , up from EUR -0.7 mn .",2,positive
Finnair believes the strike will cause it daily net losses in excess of EUR 2mn due to canceled reservations and passenger re-routing .,0,negative
Finnish consumer packaging manufacturer Huhtamaki Oyj said it swung to a net profit of 84.1 mln euro $ 105.6 mln in the first nine months of 2006 from a net loss of 2.6 mln euro $ 3.3 mln in the same period of 2005 .,2,positive
The value of the order is around EUR 100 million .,1,neutral
"After the restructuring , UPM 's average paper machine capacity in Europe will be 320,000 tons ( 350,000 short tons ) in coated magazine paper and 420,000 tons ( 460,000 short tons ) in coated fine paper .",1,neutral
"Thanks to its extensive industry and operations experience , Cybercom offers strategic and technological expertise to these markets : telecom , industry , media , public sector , retail , and banking and financial services .",1,neutral
Self-service and automation are in a bigger role now and Fujitsu 's global resources will be exploited effectively .,2,positive
Teleste has some 30 offices worldwide and is listed on the Nordic Exchange in Helsinki .,1,neutral
"In 2008 , it generated net sales of EUR 9.3 million USD 13.1 m .",1,neutral
The event can also be viewed as a live audio webcast at www.ahlstrom.com .,1,neutral
An earn-out payment of up to 4.0 mln euro ( $ 5.3 mln ) can also be paid depending on Intellibis financial performance in 2007 .,1,neutral
"Separately , YIT Corporation and Austrian firm E AG last week signed an agreement on the sale of E 's building system service business in Germany , Austria , Poland , the Czech Republic , Hungary and Romania for EUR 55 mln .",2,positive
"UPM-Kymmene Corp. , the world 's largest maker of magazine paper , on Tuesday reported a 19-percent profit drop as lower paper prices , higher costs and a strong euro hurt revenue .",0,negative
"Nokia 's share price fell less than one percent to 18.70 euros ( $ 25.41 ) in Helsinki , while Siemens shares fell 1.02 percent to 90.19 euros ( $ 122.57 ) in Frankfurt .",0,negative
"Following the registration , the share capital of Biotie is EUR 52,556,678.10 .",1,neutral
Finnish fibers and plastic products maker Suominen Corporation said its net loss narrowed to 1.6 mln euro $ 2.0 mln in the first nine months of 2006 from 2.16 mln euro $ 2.7 mln in the same period of 2005 .,2,positive
"The company is owned by the State of Finland and the European Aeronautic Defense and Space Company EADS N.V. Tekla is an international software company that provides solutions for building and construction , energy distribution and municipalities .",1,neutral
"Eero Katajavuori , currently Group Vice President , Human Resources , will take a year-long sabbatical starting from October 1 , 2010 .",1,neutral
The divested activities had net sales of EUR 145.1 million in 2009 and an operating profit of EUR 8.9 million .,1,neutral
"The estimated value of the contract is EUR12 .4 m. Vaisala , headquartered in Helsinki in Finland , develops and manufactures electronic measurement systems for meteorology , environmental sciences , traffic and industry .",1,neutral
The deliveries started in April 2006 and will be completed in 2007 .,1,neutral
The tower 's engineers have created an 18 degree westward lean - four times the inclination on the Leaning Tower of Pisa - using diagrid structures that are aligned geometrically using Tekla Structures BIM ( Building Information Modeling ) software .,1,neutral
"According to the original merger plan , Scanfil would get a 79 % stake in the combined business .",1,neutral
Finnish metal industry solutions supplier Outotec Oyj net profit rose to 50.4 mln euro ( $ 72.5 mln ) for the first nine months of 2007 from 20.1 mln euro ( $ 28.9 mln ) for the same period of 2006 .,2,positive
"ALEXANDRIA , Va. , Oct. 23 -- Hans-Otto Scheck of Espoo , Finland , has developed a method of identifying remote radio units in a communication system .",1,neutral
"Operating loss was EUR 179mn , compared to a loss of EUR 188mn in the second quarter of 2009 .",2,positive
"It operates under three distinct brands : United Supermarkets , Market Street and United Supermercado .",1,neutral
"`` The margarine business has been put into good shape in the last two years , making it a natural addition to Bunge , which is looking to leverage its position in the Central and Northern European markets , '' Raisio CEO Matti Rihko said in a statement .",2,positive
"After the split , the company would have 26,885,540 Series A shares and 9,540,000 Series K shares .",1,neutral
The authorization is in force for a period of 18 months from the resolution by the General Meeting .,1,neutral
"In the Baltic countries , sales fell by 40.2 % , and in Russia , by 23.2 % in terms of euros , and by 10.7 % in terms of local currency .",0,negative
"Via the move , the company aims annual savings of some EUR 3 million USD 4.3 m , the main part of which are expected to be realized this year .",2,positive
"26 January 2011 - Finnish metal products company Componenta Oyj ( HEL : CTH1V ) said yesterday its net loss narrowed to EUR500 ,000 in the last quarter of 2010 from EUR5 .3 m for the same period a year earlier .",2,positive
"` This is a repeat order to follow successfully installed 159 elevators in the same Delhi metro system , ' Kone spokeswoman told Thomson Financial News .",2,positive
Finnish fibers and plastics producer Suominen Corporation OMX Helsinki : SUY1V reported on Wednesday 22 October an operating loss of EUR0 .8 m on net sales of EUR55 .2 m for the third quarter of 2008 .,1,neutral
The availability of the Internet services is highlighted in the service offer of Kesko 's K-Group stores .,1,neutral
"HELSINKI Thomson Financial - Shares in Cargotec fell sharply in early afternoon trade after the cargo handling group posted a surprise drop in April-June profits , which overshadowed the large number of new orders received during the three months .",0,negative
"Operating profit for the 12-month period decreased from EUR17 .9 m while net sales increased from EUR58 .3 m , as compared to 2007 .",0,negative
"The total donation amount is EUR 1,115,000 .",1,neutral
"At the end of March 2007 , the group 's order book was at EUR 39.6 mn , up 42 % from the corresponding period in 2006 .",2,positive
Net profit in the period in 2009 was ( EURO ) 29 million .,1,neutral
The air traffic of Finland has been in stoppage since then .,0,negative
"These products include Personal Communications products such as mobile phones and their parts , Home Communications products such as set-top boxes and electronics for flat panel TVs as well as Communications Networks products such as base-stations , tower-top amplifiers , and microwave systems .",1,neutral
"The company is involved in the the sale of financial products including insurance , mortgages , car and personal loans , financial brokerage and equipment finance leasing .",1,neutral
Decisions are to be made as quickly as possible .,1,neutral
Tekla Group 's net sales for 2005 were approximately 38 million euros .,1,neutral
Pretax profit jumped to EUR 21.9 million from EUR 3.1 million .,2,positive
The negotiations will concern the plant 's department producing winded roving that employs 10 people .,1,neutral
Otherwise the situation is under control .,1,neutral
"Like all other mechanical pipettors from Biohit , also Proline Plus is CE-IVD marked and comes with a 3-year warranty .",1,neutral
"As part of its new strategy , Finnish Biohit is planning to incorporate its diagnostics business into a separate limited company .",1,neutral
Kone 's net sales rose by some 14 % year-on-year in the first nine months of 2008 .,2,positive
The category was marked by maturity and the recession .,1,neutral
Construction is scheduled to start in April-June 2007 and to be completed in early 2008 .,1,neutral
Curators have divided their material into eight themes .,1,neutral
And Ogden reportedly will shell out $ 4.2 million .,1,neutral
"`` I am very pleased and proud of our performance last year , '' Chief Executive Juha Rantanen said in a statement .",2,positive
"In 2006 , 452 million tonnes CO2 of EUA ( EU Allowance ; emissions credit in EU ) was traded with an underlying market value approx .",1,neutral
The tool is a patent pending design that allows consumers to lay out their entire project on a removable plate using multiple clear stamps of any kind .,1,neutral
M2 Communications disclaims all liability for information provided within information on on the world wide web .,1,neutral
"Neste oil 's board proposed 1.00 eur dividend for the full-year 2007 , compared with 0.90 eur a year ago .",2,positive
"Neste Oil Corporation is a refining and marketing company concentrating on clean , high-quality traffic fuels .",1,neutral
"The company 's profit totaled Ls 134,700 .",1,neutral
Another firm Air Liquide was exempted because it left the market in 1998 .,1,neutral
"The project will be a 2 x 600 MW coal-fired power plant , located some 420 km south of Hanoi , the company said .",1,neutral
"`` Adjustment to the fall in price level , in contrast , has been less effective .",0,negative
Operating result including non-recurring items rose to EUR 146mn from a loss of EUR 267mn in 2009 .,2,positive
The proposal that the Board of Directors will make at the Annual General Meeting is attached as a whole to this release .,1,neutral
The group had an order book of EUR 7.74 mn at the end of 2007 .,1,neutral
"Since the association 's data do not cover sales figures from about 100 small local breweries and sales of imported beer products , the actual market shares of its members are smaller than those given in the report .",0,negative
Finnish meat company Atria can no longer promise a sufficient amount of domestic beef to its customers .,0,negative
"Earnings per share EPS amounted to EUR0 .03 , up from the loss of EUR0 .08 .",2,positive
Panostaja Oyj 's Board also decided at its organisational meeting held upon completion of the AGM to implement the AGM decision concerning Board member fees paid as shares in such a way that shares are transferred on a quarterly basis on the date following publication of the quarterly-annual report .,1,neutral
Revenue grew 12 percent to (  x20ac ) 3.6 billion ( US$ 4.5 billion ) .,2,positive
"The report profiles 614 companies including many key and niche players worldwide such as Black & Decker Corporation , Fiskars Corporation , Fiskars Brands , Inc. , Husqvarna Outdoor Products Inc. , K+S Group , Ryobi Technologies , Inc. , The Scotts Miracle-Gro Company , and Van Group , Inc. .",1,neutral
Consolidated operating profit from continuing operations decreased by 62.3 % to EUR 51.2 mn from EUR 135.7 mn in 2007 .,0,negative
Rapala estimates its net sales for 2008 will increase by between 8.0 pct and 12 pct assuming 2007 exchange rates .,2,positive
"In 2008 , AVC Systemhaus had net sales of EUR 10 million USD 7.1 m .",1,neutral
`` These developments partly reflect the government 's higher activity in the field of dividend policy . '',1,neutral
Earnings per share EPS rose to EUR 0.11 from EUR 0.03 .,2,positive
"Paper companies were in negative territories , with Stora Enso R shedding 1.62 pct to 12.73 eur , UPM-Kymmene down 0.80 pct at 18.64 eur and M-real B 0.18 pct lower at 5.57 eur .",0,negative
"The company is now withdrawing the second part , EUR 7.2 mn , of the investment commitment .",1,neutral
The agreement must be approved by the Russian competition authorities before it enters into force .,1,neutral
TeliaSonera TLSN said the offer is in line with its strategy to increase its ownership in core business holdings and would strengthen Eesti Telekom 's offering to its customers .,2,positive
"Aug. 17 , 2010 ( Curbed delivered by Newstex ) -- And now , the latest from Racked , covering shopping and retail from the sidewalks up .",1,neutral
"Finnish property investment company Citycon will expand and refurbish +àkersberga shopping center in Stockholm , in Sweden .",1,neutral
"Galeria Podlaska , a shopping mall on Wysockiego Street in Bia ` ystok , is approximately 60-percent leased or reserved .",1,neutral
Operating profit excluding non-recurring items increased by 27 % to EUR 81.9 mn from EUR 64.4 mn in the corresponding period in 2008 .,2,positive
"Net sales of Kyro 's main business area , Glaston Technologies , a manufacturer of glass processing machines , decreased to EUR 161.5 mn from EUR 164.1 mn in January-September 2005 .",0,negative
Diluted earnings per share ( EPS ) rose to EUR 1.05 from EUR 0.64 .,2,positive
"The OMX Helsinki index was down 0.34 pct at 8,256.02 on turnover of 813.191 mln eur .",0,negative
"Via the Satlan acquisition , Teleste plans to further expand its market presence as a video services partner for cable operators , broadcasters and IPTV service providers .",2,positive
The annual value of the contracts is estimated at USD 2mn over the next three years .,1,neutral
"( ADP News ) - Jan 22 , 2009 - Finnish mobile phones maker Nokia Oyj ( OMX : NOK1V ) said today its operating profit decreased to EUR 5 billion ( USD 6.5 bn ) for 2008 from EUR 8 billion for 2007 .",0,negative
"The acquisition does not have to be from the frozen foods or fish sector , as long as it has synergies with L+ñnnen Tehtaat 's other businesses .",1,neutral
Operating profit improved by 16.7 % to EUR 7.7 mn .,2,positive
"Unbelievably , the company that makes them - Fiskars Corporation - was formed in 1649 when a Dutch merchant named Peter Thorwoste was given a charter to establish a blast furnace and forging operation in the small Finnish village of Fiskars .",1,neutral
"Continuing operations turned an operating loss of EUR 0.1 mn , a slight improvement from a loss of EUR 0.2 mn a year earlier .",2,positive
"RAPALA TOURNAMENT FISHING : With all the major titles already out for the holidays , bargain-priced games such as Rapala aim for a smaller audience .",1,neutral
"The transaction will have a positive impact of around EUR2m on earnings , which Ruukki will recognize during the fourth quarter of this year .",2,positive
The value of the three-year contract is estimated at EUR40m .,1,neutral
All of Raisio 's divisions recorded an operating profit .,2,positive
"Raisio 's bid to buy Glisten is a `` win-win '' deal for both companies , the chairman of the UK snacks firm told just-food today 10 February .",2,positive
"Operating loss of the Pulp & Paper Machinery unit was over EUR 3mn in September 2007 - August 2008 , compared to a profit of EUR 3.7 mn a year earlier .",0,negative
"Tampere Science Parks is a Finnish company that owns , leases and builds office properties and it specialises in facilities for technology-oriented businesses .",1,neutral
Delivery is due in the second half of 2011 .,1,neutral
"The company , employing 6,400 , reported net sales of 620 mln euro $ 823.2 mln for 2006 .",1,neutral
"On 25 August 2009 , Sampo 's stake in Nordea was 19.45 % .",1,neutral
"In the first nine months of 2010 , the company 's net loss narrowed to EUR415 ,000 from EUR7 .4 m for the corresponding period of 2009 .",2,positive
"The company said that paper demand increased in all of its main markets , including of publication papers , and that it increased average paper prices by 4 percent compared with last year .",2,positive
The contracts comprise turnkey orders for RoRo systems for two RoRo-cruise vessels under construction for Viking Line and Tallink .,1,neutral
The company has an annual turnover of EUR32 .8 m.,1,neutral
"Savon koulutuskuntayhtyma , Finland based company has awarded contract for specialist agricultural or forestry machinery .",2,positive
The company turned to earnings per share ( EPS ) of EUR 0.03 versus loss per share of EUR 0.01 .,2,positive
Russia wants to utilise its huge forest reserves in a very different way from what has been done so far .,1,neutral
It also said its third quarter diluted EPS came in at 0.34 eur compared with 0.16 eur in the same quarter a year ago .,2,positive
"The company operates its business through two reportable segments , including Banking and Investment Services , and Non-Life Insurance .",1,neutral
In 2007 Etteplan reported a turnover of EUR125 .2 m.,1,neutral
Alma Media expects its net sales to increase as forecast previously .,2,positive
Stock Exchange Release 10/3/2011 12:00 Sanoma has published its Annual Report and Financial Statements for 2010 and its first Corporate Responsibility Report .,1,neutral
Approval by shareholders of Cencorp in accordance with Finnish law .,1,neutral
"EPS for the quarter was EUR0 .00 , as compared with EUR0 .01 in the third quarter of 2008 , representing a Group net sales for the third quarter were EUR15 .3 m , up by 2.8 % as compared with EUR14 .9 m in the third quarter of 2008 .",2,positive
"Previously , the plant was expected to be completed by the end of 2008 .",1,neutral
Odell has not contacted the State of Finland in this issue .,1,neutral
"The group posted net sales of 35.3 mln euro $ 46.5 mln and an operating profit of 760,000 euro $ 1.0 mln in 2005 .",1,neutral
Export accounts for about one tenth of the company 's annual turnover of one billion kroons .,1,neutral
EPS grew to 0.04 eur from 0.02 eur .,2,positive
With this appointment Kaupthing Bank aims to further co-ordinate Capital Markets activities within the Group and to improve the overall service to clients .,2,positive
Each year the dividend is deducted from the subscription price .,1,neutral
"Unlisted British Biologicals makes B - and D - proteins , and other disease-specific supplements that cover diabetes , hepatitis , asthma and other cardiovascular ailments .",1,neutral
"Operating loss totaled EUR 0.8 mn , compared to a profit of EUR 0.5 mn .",0,negative
The Department Store Division 's sales fell by 8.6 % to EUR 140.2 mn .,0,negative
"The company 's profit before taxes fell to EUR 21.1 mn in the third quarter of 2008 , compared to EUR 35.8 mn in the corresponding period in 2007 .",0,negative
"The 19,200-square metre technology center is located near University of Tampere in central Tampere .",1,neutral
Orion 's net profit for the third quarter of 2007 decreased to 36.5 mln euro ( $ 52.1 mln ) from 40.3 mln euro ( $ 57.5 mln ) a year earlier .,0,negative
"Net cash from operating activities was a negative EUR 0.3 mn , compared to EUR 30.9 mn in 2009 .",0,negative
The Group also has a strong global position in other fishing categories .,2,positive
"Tecnomen 's solution can be used for prepaid and post-paid billing , for charging and rating of voice and video calls , data traffic and any kind of content services in both mobile and fixed networks .",1,neutral
"The company can not give up palm oil altogether , however .",1,neutral
"Von Koskull will oversee a new unit of Nordea , which brings together corporate merchant banking , financial institutions and capital markets products divisions .",1,neutral
The terms of the transactions remained undisclosed .,1,neutral
The presentation material can be viewed on the company 's website in English after the conference .,1,neutral
"Lemminkainen Infra Oy 's subsidiary Lemminkainen Sverige AB will perform the construction work , which is expected to start in early 2011 and to be completed in the summer of 2013 .",1,neutral
The production is to be liquidated before June 2009 and 325 employees loose their jobs .,0,negative
"German Commerzbank AG 's Hamburg Branch and US JP Morgan ( NYSE : JPM ) participated as arrangers , and Dutch ING ( AMS : INGA ) as co-arranger .",1,neutral
"Rimvesta is now controlled by the Estonian-owned real estate development company ELL Nekilnojamas Turtas , which a member of Merko , the largest construction group in the Baltic countries .",1,neutral
In 2005 the bank posted a net profit of Lt 8.2 mn .,1,neutral
"Nevertheless , the development can not be allowed to ruin the print newspaper , which continues to be Sanoma News ' main medium .",1,neutral
"Currently , YIT builds a housing estate Zapadnye Vorota 26,000 square metres in the city and a house 9,910 square metres , which will be completed at the end of 2009 .",1,neutral
The situation of coated magazine printing paper will continue to be weak .,0,negative
Welcome !,1,neutral
"The share issue , derogating from the pre-emptive right of the shareholders and comprising some six million new shares at market price , will be offered for subscription by shareholders , holders of capital notes and by professional clients .",1,neutral
"`` If you need malware removal tools , type the URL of your vendor of choice directly into the browser bar and use links on their website , '' wrote Trend Micro 's Rik Ferguson on Monday .",1,neutral
The total amount of subscription prices was recorded in the fund for invested non-restricted equity .,1,neutral
"The other two sellers were the Finnish National Fund for R&D ( Sitra ) and Oras Invest Oy , which also sold half of their shareholdings , leaving them with 3.8 pct and 3.2 pct of the company respectively .",1,neutral
"Master of Mayawas jointly developed by Nokia Siemens Networks and UFA - FremantleMedia , and will be actively advertised by Maxis in the end of May 2007 .",1,neutral
"UPM is talking to Myllykoski+ó s creditor banks -- Nordea ( STO : NDA ) , Nordic Investment Bank and Danske Bank+ó s ( CPH : DANSKE ) Sampo Bank -- over a deal , the paper said .",1,neutral
Finnish financial group Aktia 's operating profit for 2009 increased to EUR 47.0 mn from EUR 6.6 mn in 2008 .,2,positive
Finnish pharmaceuticals company Orion 's net sales rose to EUR 190mn in the first quarter of 2009 from EUR 180mn in the first quarter of 2008 .,2,positive
The right margin will be viewed separately in detail with every customer .,1,neutral
"While I cant understand what theyre saying , its impressive to watch him hit that ball at those speeds .",1,neutral
The company is studying the feasibility of focusing most of its processed meat production in the Vantaa facilities and the processing of fresh meat in the Forssa facilities .,1,neutral
"According to the company , its operating profit , excluding non-recurring items , in the fourth quarter of 2009 was significantly better than expected , and also better than the figures for the fourth quarter of 2008 .",2,positive
Sales at the unit slumped last year after the industry was hit by poor snowfall in the major resorts in the winter of 2006-07 .,0,negative
"Dirk Jones , head of Financial Institutions Client Sales Management , GTS , Citigroup , Inc , said , ` Citi is extremely pleased to be providing global custody services to Pohjola Group Bank .",2,positive
Ramirent made 18 million kroons EUR 1.15 mln loss last year ; the year before the company was 7.3 million kroons in the black .,0,negative
`` Consumers have very well received our packed fresh meat .,2,positive
"In 2007 , Alma Media 's operating profit was about EUR 53mn .",1,neutral
"Nokia OYJ 's production site at Bochum , Germany , posted profit before interest of 134 mln eur for 2007 , Capital reported in an excerpt of an article to be released tomorrow , citing internal documents .",1,neutral
`` Management decided at the end of 2005 to increase cathode copper capacity .,1,neutral
"In the Baltic countries , Atria 's target is organic growth .",1,neutral
Operating profit rose to EUR2 .4 m from EUR1 .6 m year earlier .,2,positive
"With the new arrangement , customer responsibilities will become mainly regional .",1,neutral
The proportion of Estonian and Lithuanian passengers on the Tallinn-Helsinki route also grew in July .,2,positive
"Both operating profit and net sales for the 12-month period increased , respectively from EUR21 .5 m and EUR196 .1 m , as compared to 2005 .",2,positive
"The Company serves approximately 3,000 customers in over 100 countries .",1,neutral
"Based on the first quarter result , existing order backlog and new order prospects , the company expects that full-year sales will contract by 25 % from 2008 , the gross margin will stay at a healthy level , and the operating profit margin will be lower than in 2008 due to lower sales volume .",0,negative
"Nonwovens and specialty papers , made by Ahlstrom , are used in a large variety of everyday products , e.g. in filters , wipes , flooring , labels , and tapes .",1,neutral
The company distributes Hiab 's products as well as other products .,1,neutral
Electricity consumption grows with higher frequencies .,1,neutral
Operating profit rose to EUR 1.6 mn from EUR 1.1 mn in the corresponding period in 2006 .,2,positive
"Operating profit totaled EUR 37,7 mn , up slightly from EUR 37.2 mn in the corresponding period in 2006 .",2,positive
Her last position in Nokia Siemens Networks was head of Business Human Resources NSN global IT .,1,neutral
"Finnish electronics manufacturing services EMS company Elcoteq SE posted a net loss of 66.4 mln euro $ 91.2 mln for the first half of 2007 , compared to a net profit of 7.1 mln euro $ 9.8 mln for the same period of 2006 .",0,negative
The value of this kind of order amounts usually between Euro 2 and 3 million .,1,neutral
"The reasons behind the estimate include the rise in 2008 rent levels and several fully-leased office and retail properties , which were completed and added to the company 's investment property portfolio .",1,neutral
"The Helsinki-based company , which also owns the Salomon , Atomic and Suunto brands , said net profit rose 15 percent in the three months through Dec. 31 to (  x20ac ) 47 million ( $ 61US million ) , from (  x20ac ) 40.8 million a year earlier .",2,positive
"Alma Media 's operating profit amounted to EUR 11.9 mn , down from EUR 15.0 mn a year earlier .",0,negative
Olli-Pekka Kallasvuo was elected as vice chairman of the Board .,1,neutral
Talvivaara also maintains its assumption of turning cash flow positive before the year end .,2,positive
Profit for the period increased from EUR 2.9 mn to EUR 10.5 mn .,2,positive
The value of the multi-year agreement is over EUR 2mn a year .,1,neutral
- Counter your competitor 's strengths and target their weaknesses .,1,neutral
"Digia will also set up two subsidiaries , Digia Norway AS and Digia USA Inc. .",1,neutral
The cooperation will double The Switch 's converter capacity .,2,positive
"The company has the poser , who wants to impress people with the latest handset .",1,neutral
"According to its notice , Skandinaviska Enskilda Banken AB publ Helsinki Branch has on 10 August 2009 divested in total 11,958,000 Alma Media shares to Ilkka-Yhtyma Oyj and Kaleva Kustannus Oy , as the conditions of the agreement made by the companies on 1 July 2009 fulfilled .",1,neutral
EMSA Deputy Chairman of the Board Juri Lember told BNS on Wednesday that this was the first time he heard about the strike as the Swedish side had not informed the Estonian union yet .,0,negative
"The share capital of Alma Media Corporation (business ID 1944757-4)is EUR 45,031,513.80 and it is divided into 75,052,523 shares .",1,neutral
"In addition , Cramo and Peab have signed exclusive five-year rental agreements in Finland and have extended their existing rental agreements in the Swedish market for another five years .",2,positive
It will also strengthen Ruukki 's offshore business .,2,positive
The original contract was signed last summer .,1,neutral
"The shopping center to be opened in St. Petersburg , Russia in November 2010 will turn the cash flow of Finnish department store chain Stockmann 's Russian operations positive for the first time in 2011 .",2,positive
"Finnish Metso Paper has been awarded a contract for the rebuild of Sabah Forest Industries ' ( SFI ) pulp mill in Sabah , Malaysia .",2,positive
"You need to be ready when the window opens up , Rosberg said .",1,neutral
"The contract consists of a new building with an area of 18,000 sq m and renovation of the existing buildings .",1,neutral
"The gross area of the Innova 2 project will be about 10,000 sq m ( 107,600 sq ft ) .",1,neutral
Device volume in the area decreased by 21 % to 2.7 mn units .,0,negative
Insurance policies should be simple .,1,neutral
Finnish communication electronics components supplier Scanfil Oyj Tuesday said sales in the first half of 2006 will be 15 % lower than during the same period a year ago .,0,negative
"Swedish engineering consultant firm Etteplan is to establish a unit in town Borl+ñnge , by the turn of the month March-April 2008 .",1,neutral
Each option right entitles the holder to subscribe for one new share at a subscription price of EUR0 .045 during the subscription period which ends on 31 December 2013 .,1,neutral
"Finnish software developer Basware Oyj said on November 30 , 2006 its U.S. subsidiary Basware , Inc. won an order to provide software for contract lifecycle management to an unnamed U.S. medical technology company .",2,positive
Financial details were n't disclosed .,1,neutral
Vaisala 's expertise in lightning data and information systems is based on extensive experience and investment in R&D .,1,neutral
Catalysts segment includes refinery catalysts and polyolefin catalysts product categories .,1,neutral
Sales in Finland rose by 3.9 % and international growth was 0.7 % .,2,positive
"Demonstrations of the broad capabilities of the Mobility Business Suite will be organized during the 3GSM World Congress in Barcelona , from February 12th to 15th .",1,neutral
"Based on the 2005 calendar year the combined company had EUR15 .8 bn in pro forma annual revenues and is expected to start operations with 60,000 employees .",1,neutral
Viking Line manages well with its current ferries .,2,positive
"The subject of the project is provide to the company like : Software programming and consultancy services , Computer-related services , Data services , Computer support and consultancy services , Internet services etc. .",1,neutral
"Net interest income totaled EUR 15.9 mn , compared to EUR 15.6 mn a year earlier .",2,positive
The products have a low salt and fat content .,1,neutral
The concept enables a commercially affordable way to manufacture high-quality TCO coated glass for the solar industry .,2,positive
"According to business media reports , Usmanov planned to transfer his MegaFon stake to the state-controlled Svyazinvest , in exchange for a stake in the merged RosTelecom .",1,neutral
"no compensation for its news , opinions or distributions .",1,neutral
Arena Partners Oy is a development company for electronic business .,1,neutral
Earnings per share EPS amounted to EUR0 .01 .,1,neutral
"The broker started UPM-Kymmene , Stora Enso and Sappi with ` equal-weight ' recommendations and Holmen and Norske Skog with ` underweight ' ratings .",1,neutral
"The company has a continuous need for alloys such as nickel , ferro-chrome , molybdenum and manganese in its production , said Talvivaara .",1,neutral
"SSH COMMUNICATIONS SECURITY CORP STOCK EXCHANGE RELEASE OCTOBER 14 , 2008 AT 2:45 PM The Company updates its full year outlook and estimates its results to remain at loss for the full year .",0,negative
"The new majority owners of Aspocomp Thailand Co. , Ltd are certain private persons belonging to immediate circle of Aspocomp 's present Joint Venture partner , Saha Pathana Inter-Holding Plc. .",1,neutral
"Net sales of Finnish Sanoma Learning & Literature , of Finnish media group Sanoma , decreased by 3.6 % in January-June 2009 totalling EUR 162.8 mn , down from EUR 168.8 mn in the corresponding period in 2008 .",0,negative
"The development of the technological park , which will specialize in telecommunications and information technologies , is part of the state program for the formation of technoparks for hi-tech sectors in Russia .",1,neutral
Investments are not disclosed .,1,neutral
"Net income from life insurance rose to EUR 16.5 mn from EUR 14.0 mn , and net income from non-life insurance to EUR 22.6 mn from EUR 15.2 mn in 2009 .",2,positive
"Kemira 's R&D organization comprises approximately 750 people , the company said .",1,neutral
Net sales dropped by 6 % year-on-year to EUR 11.9 million .,0,negative
"Operating profit totalled EUR 7.0 mn , up from a loss of EUR 4.0 mn in the second quarter of 2009 .",2,positive
"The company will disclose further details , including the anticipated transaction timetable and the name of the new investor , within one week .",1,neutral
You 're not alone .,1,neutral
"The result will also be burdened by increased fixed costs associated with operations in China , and restructuring costs in Japan .",0,negative
HELSINKI AFX - Outokumpu Technology said it has signed a 3.5 mln eur agreement with Mongolia 's Erdenet Mining Corporation for the engineering of the first HydroCopper plant to be built at the Erdenet mine site .,2,positive
"Established in 1989 , CapMan manages Nordic buyout , mezzanine , technology , life science and real estate funds with approximately EURO 3 billion $ 4 billion in total capital .",1,neutral
"After buying Eukor Car Carriers 50 percent stake , Grimaldi Group is now the sole owner of the Swedish roll-on , roll-off port of Wallhamn .",1,neutral
The company moved to an operating profit of EUR10 .9 m versus an operating loss of EUR15 .3 m. It also turned to EPS of EUR0 .08 versus loss per share of EUR0 .04 .,2,positive
The agreement includes application maintenance and support services .,1,neutral
"Of course , you 'll have direct access to Nokia 's Ovi store , so you 'll have lots of fun downloading your favorite media .",1,neutral
"Also , a six-year historic analysis is provided for these markets .",1,neutral
"HELSINKI AFX - Cramo said it has agreed to sell Cramo Nederland BV CNL , its Dutch machinery and equipment rental unit , to Jaston Groep for an undisclosed sum .",1,neutral
Operating loss amounted to EUR 0.9 mn in the first half of 2006 compared to a profit of EUR 0.5 mn in the first half of 2005 .,0,negative
No pricing details were disclosed .,1,neutral
"Due to rapid expansion , the market share of Tallink in terms of passenger carriage through Tallinna Sadam Port of Tallinn totaled 55 percent in November against 45.7 percent in November 2005 .",2,positive
"Finnish Kemira Group 's CEO , Lasse Kurkilahti , says the Group 's structural reorganisation will continue for at least a year .",1,neutral
Mr. Koistinen joins from Nokia Siemens Networks where he has held various senior sales management and business development positions since 1997 .,1,neutral
"Jon Risfelt has previously held operational executive positions in Europolitan , Ericsson , SAS , American Express card and travel divisions , as well as Nyman & Schultz ( CEO ) , Vodafone Sweden ( CEO ) , and Gambro Renal Products ( CEO ) .",1,neutral
A PLUMBING business has announced it is sponsoring a professional darts player .,1,neutral
"Finnish Talentum reports its operating profit increased to EUR 20.5 mn in 2005 from EUR 9.3 mn in 2004 , and net sales totaled EUR 103.3 mn , up from EUR 96.4 mn .",2,positive
"`` We are delighted to announce our support for Intel based handheld platforms , the capabilities of which have made our development easier and faster .",2,positive
The optimization of the steel components heating process will reduce the energy consumption .,2,positive
"The Inventors are Ridge Justin , Bao Yiliang and Karczewicz Marta .",1,neutral
"The interim report for the first quarter is published on May 8 , 2009 .",1,neutral
"In Q2 of 2009 , profit before taxes amounted to EUR 13.6 mn , down from EUR 26.8 mn in Q2 of 2008 .",0,negative
The restructuring measures will not affect the production of packaging printing material .,1,neutral
"The company had net sales of EUR 10.8 million in 2008 , and today has approximately 120 employees in Finland , Estonia and Poland .",1,neutral
"Pre-tax profit totaled EUR 397.4 mn , up from EUR 164.7 mn .",2,positive
"The cosmetics collection includes an eye shadow , face powder , lip gloss , mascara and accessories .",1,neutral
"Consolidated operating profit excluding one-off items was EUR 30.6 mn , up from EUR 29.6 mn a year earlier .",2,positive
"The contract also includes installation work in a new multistorey carpark for close on 1,000 vehicles .",1,neutral
"At this growth rate , paying off the national debt will be extremely painful .",0,negative
"Participants at any of the book discussions or other special events , or visitors to the car dealership were eligible to enter the drawing for the 2005 silver , four-door Altima .",1,neutral
The dismissed staff members will now take the matter to court unless it can be settled outside .,0,negative
"A purchase agreement for 7,200 tons of gasoline with delivery at the Hamina terminal , Finland , was signed with Neste Oil OYj at the average Platts index for this September plus eight US dollars per month .",2,positive
The value of the orders is about EUR 70mn .,1,neutral
The contract includes an option to deliver an additional 75 ASCs in the next phases of the project .,1,neutral
"Metsaliitto , however , narrowed its net loss for the second quarter of 2007 to 5.0 mln euro $ 6.9 mln from 61 mln euro $ 83.7 mln a year ago .",2,positive
"Stora Enso R shares rose 1.20 pct to 11.84 eur , UPM-Kymmene was also dragged higher , rising 1.68 pct to 17.56 eur and M-Real B added 2.38 pct to 4.30 eur .",2,positive
"Operating profit totalled EUR 1.22 mn , down from EUR 3.56 mn in the first quarter of 2008 .",0,negative
"The copying , republication or redistribution of AFX News Content , including by framing or similar means , is expressly prohibited without the prior written consent of AFX News .",1,neutral
"Via the move , the company aims annual savings of some EUR3m , the main part of which are expected to be realized this year .",2,positive
"The financial impact is estimated to be an annual improvement of EUR2 .0 m in the division 's results , as of fiscal year 2008 .",2,positive
The new chain has 700 discount stores and 250 supermarkets .,1,neutral
Finnish waste management and cleaning group Lassila & Tikanoja Oyj ( L&T ) net profit went down to 32.2 mln euro ( $ 47.7 mln ) for 2007 from 35.3 mln euro ( $ 52.3 mln ) for 2006 .,0,negative
`` Our Vaalipalvelu-service was especially developed for use by communities and organizations .,1,neutral
8 May 2009 - Finnish liquid handling products and diagnostic test systems maker Biohit Oyj ( HEL : BIOBV ) said today ( 8 May 2009 ) its net loss narrowed to EUR0 .1 m ( USD0 .14 m ) for the first quarter of 2009 from EUR0 .4 m for the same period of 2008 .,2,positive
"For the last quarter of 2010 , Componenta 's net sales doubled to EUR131m from EUR76m for the same period a year earlier , while it moved to a zero pre-tax profit from a pre-tax loss of EUR7m .",2,positive
About Dopplr Dopplr is a service for smart travellers .,1,neutral
"Last year the company raised its turnover to approximately 7 million litas EUR 2 mln , from 6.1 million litas in 2004 .",2,positive
"Profit for the period totalled EUR 0.8 mn , down from EUR 1.1 mn in the corresponding period in 2008 .",0,negative
"In a recent interview with the Financial Times ( FT ) , Sampo 's board chairman Bjorn Wahlroos said If P&C was certainly for sale and the price had been set at SEK 85 billion , confirming earlier statements .",1,neutral
"Finnish Suominen Corporation that specialises in wet wipes , nonwovens , and flexible packaging reports net sales of EUR 44.1 mn in the second quarter of 2010 , up from EUR 43.3 mn in the second quarter of 2009 .",2,positive
"When the product is manufactured in Finland , it is also packed in the country .",1,neutral
"The company 's net profit amounted to EE 55.5 mn , which was 36 % more than in 2004 .",2,positive
"Additionally , the company will use the solutions to automate the preparation of financial statements according to IFRS standard .",1,neutral
Small investors have voiced fears that the shares will end up with risk investors .,0,negative
"The Annual General Meeting approved that the yearly remuneration for the members of the Board of Directors shall remain at EUR 40.000 for the Chairman of the Board , EUR 30.000 for the Deputy Chairman of the Board and EUR 20.000 for other members of the Board .",1,neutral
"The refining margin for the year was $ 13.39 - bbl , compared to $ 10.46 - bbl in the prior year .",2,positive
( The acquisition sum has not been disclosed . ),1,neutral
"Incap Contract Manufacturing Services Pvt Ltd , a subsidiary of Incap Corporation of Finland , is acquiring the manufacturing unit of the TVS Electronic Ltd at Tumkur , near Bangalore , for Rs40 crore .",1,neutral
"According to a report by Neomarkka , Kuitu Finland 's customers are interested in buying the company 's products when it restarts production .",2,positive
"`` Over the years , the color orange has become synonymous with quality .",1,neutral
"Budapest , August 10 MTI - Finnish electronics maker Elcoteq will lay off 700 workers at its plants in Pecs S Hungary at the end of September because of falling orders , communications director for Elcoteq 's local unit , Zoltan Krippl told MTI on Monday .",0,negative
"( ADP News ) - Feb 11 , 2009 - Finnish wood products technology supplier Raute Oyj ( HEL : RUTAV ) said today its net profit decreased to EUR 4.7 million ( USD 6.1 m ) for 2008 from EUR 6.6 million for 2007 .",0,negative
"Earnings per share EPS are seen at EUR 0.56 , up from EUR 0.38 .",2,positive
"In 2009 , KONE had annual net sales of EUR 4.7 billion and approximately 34,000 employees .",1,neutral
That topped consensus forecasts for earnings of 0.21 euros a share .,2,positive
The terms and conditions of the Stock Option Scheme 2008 are available on the Company 's internet pages www.sanoma.com .,1,neutral
Roshan 's net sales in 2006 were $ 191 million and EBITDA was $ 66.5 million .,1,neutral
Teleste and Sentry 360 have formed an integration partnership between Sentry s advanced 360-degree immersive camera product line and Teleste s enterprise video management systems .,2,positive
Changes to the as-built models from the design were communicated to the subcontractors to accommodate them into the steel and GRC fabrication process .,1,neutral
"In 2007 Talentum will disclose three Interim Reports - Q1 ( January - March ) on Friday , 27 April , 2007 - Q2 ( April - June ) on Friday , 20 July , 2007 - Q3 ( July - September ) on Friday , 26 October , 2007 .",1,neutral
Aker Yards Finland will begin using Chinese subcontractors at its Finnish shipyards .,1,neutral
"In addition , the Kazakh delegation will visit Finland 's SITRA investment fund , Honkarakenne Ltd and Nokia headquarters to study TeliaSonera Ltd JSC 's activities .",1,neutral
Biohit already services many current Genesis customers and the customer base is expected to expand as a result of this agreement .,2,positive
Her present position is the director of Stockmann 's international department stores .,1,neutral
"`` These tests are part of a larger campaign which includes various customer trials and demonstrations to make LTE on 800 MHz commercially viable by this summer , '' Nokia Siemens head of LTE business line , Reino Tammela , said .",1,neutral
"The biggest sellers in the chain 's supermarkets in Finland are organic Pirkka tomatoes , carrots , eggs , and meat products .",1,neutral
Profit for the period was EUR 15.6 mn compared to EUR 14.1 mn in 2007 .,2,positive
No financial detail were available .,1,neutral
"` We respect their decision ... the discussions are now closed , ' said Kai Telanne , Alma Media 's CEO .",1,neutral
The transaction will take place without payment of merger consideration .,1,neutral
Pharmaceutical market in Italy Global Research & Data Services published recently a market analysis about the pharmaceutical markets in Italy .,1,neutral
"Sponda is a property investment company , specialising in commercial properties in the largest cities in Finland and Russia .",1,neutral
"According to Tiimari , consumers are advised to cut away the rabbits bow tie that contains the formadehyde and dispose of it .",1,neutral
Operating profit decreased to EUR 11.2 mn from EUR 16.6 mn .,0,negative
"When this information was released on 5 September 2008 , Nokia 's American Depositary shares fell by 8 % .",0,negative
"Having a China based operation will not only enable us to fully leverage our resources and expertise in wireless solutions , but also strengthen our capability to offer industry-leading products for our customers in China . ''",2,positive
"2009 3 February 2010 - Finland-based steel maker Rautaruukki Oyj ( HEL : RTRKS ) , or Ruukki , said today it slipped to a larger-than-expected pretax loss of EUR46m in the fourth quarter of 2009 from a year-earlier profit of EUR45m .",0,negative
"Of Bavelloni 's and NST 's joint ventures , Bavelloni Tools , completes semiproducts that are produced in Italy into high-quality tools that will be sold under the DiaPol brand .",1,neutral
"Fortum holds 90.2 pct of the share capital and 94.4 pct of the voting rights in the company , which it now plans to delist from the Warsaw Stock Exchange .",1,neutral
"The composite body is coated with a hard coating layer produced by thermal spraying , and the coating is ground . ''",1,neutral
"Finnish financial software solutions developer BasWare Oyj said its net profit fell to 884,000 euro ( $ 1.2 mln ) for the first quarter of 2007 from 2.0 mln euro ( $ 2.7 mln ) a year earlier .",0,negative
"At some point , it will spread also to Iran and Iraq .",1,neutral
"Currently it operates a fleet of eight carriers , as well as nine pushers and barges .",1,neutral
"CapMan Plc Press Release 31 March 2008 Jukka Ruuska , President of the OMX Nordic Exchanges and the Stockholm Stock Exchange , will transfer to CapMan effective no later than September 2008 .",1,neutral
This would be a huge process .,1,neutral
"Loss after financial items totalled EUR 9.7 mn , compared to a profit of EUR 1.3 mn in the corresponding period in 2008 .",0,negative
The fair value of the company 's investment properties went down to EUR2 .769 bn at the end of September 2009 from EUR2 .878 bn a year earlier .,0,negative
"The Stena Poseidon is a so-called Panamax tanker , designed to be able to pass through the narrow passages in the Panama Canal 's locks .",1,neutral
"The total investment necessary will be EUR40m , the company estimated .",1,neutral
"The buildings , with about 40 condominiums each , will be built in 4 or 5 stages .",1,neutral
"Finnish plumbing and heating systems supplier Uponor 's net sales from continuing operations decreased by 9.4 % in 2008 to EUR 949.2 mn from EUR 1,047.4 mn in 2007 .",0,negative
Vaisala 's net profit for the third quarter of 2007 dropped to 3.0 mln euro ( $ 4.3 mln ) from 6.8 mln euro ( $ 9.8 mln ) for the same period of 2006 .,0,negative
The growth of net sales has continued favourably in the Middle East and Africaand in Asia Pacific .,2,positive
"Water Treatment Products In Australia Today , Global Research & Data Services is going to publish a market analysis about the market for chemical water treatment products in Australia .",1,neutral
Circulation revenue has increased by 5 % in Finland and 4 % in Sweden in 2008 .,2,positive
Altogether 150 subjects with mildly elevated cholesterol levels participated in the four-month long intervention .,1,neutral
The new plant is planned to have an electricity generation capacity of up to 350 megawatts ( MW ) and the same heat generation capacity .,1,neutral
The project is expected to be completed in 2009 .,1,neutral
Finnish forestry company UPM-Kymmene and waste management company Lassila & Tikanoja said on Jan. 30 they were planning to produce ethanol and energy from commercial and industrial waste .,1,neutral
"In the second quarter of 2010 , the group 's net profit rose to EUR 3.1 million from EUR 2.5 million in April-June 2009 .",2,positive
17 March 2011 - Goldman Sachs estimates that there are negative prospects for the Norwegian mobile operations of Norway 's Telenor ASA OSL : TEL and Sweden 's TeliaSonera AB STO : TLSN in the short term .,0,negative
No financial information was provided .,1,neutral
Sponda Plc 's Annual General Meeting decided on 23 March 2005 to establish a Shareholders ' Nomination Committee to prepare proposals for the Annual General Meeting in 2006 on the composition of the Board of Directors and their remuneration .,1,neutral
Aspocomp has a large factory in China and a factory building project in India that was halted due to financing problems .,0,negative
"The venture , which will be 51 % owned by Kemira and 49 % by IVRCL , will operate an inorganic coagulant manufacturing facility , to be built in Vishakapatnam Vizag in the state of Andhra Pradesh and to kick off operations in the second half of 2011 .",1,neutral
Niklas Skogster has been employed by the ABB Group in various positions concerning the development of operations .,1,neutral
"Glaston , headquartered in Tampere , Finland , is a growing and international glass technology company .",1,neutral
The shares shall be acquired according to the Rules of NASDAQ OMX Helsinki and otherwise according to the rules related to acquisition of the company 's own shares .,1,neutral
Electronic versions require 24-48 hours as each copy is customized to the client with digital controls and custom watermarks .,1,neutral
Brazilian mobile player Telemig Celular yesterday announced that it has selected Finnish software developer Tecnomen Oyj to expand its prepaid billing system .,2,positive
"Adjusted for changes in the Group structure , the Division 's net sales increased by 1.7 % .",2,positive
"Supported Nokia phones include : N96 , N95-8GB , N95 , N93-N931 , N92 , N85 , N82 , N81 , N80 , N79 , N78 , N77 , N76 , N75 , N73 , N72 , N71 , E90 , E71 , E70 , E66 , E65 , E62 , E61-E61i , E60 , E51 , E50 , Touch Xpress 5800 , 6220 Classic , 6210 Navigator , 6120 Classic , 6110 Navigator , 5700 , 5500 , 5320XM .",1,neutral
"`` The industry is coming to an interesting fork in the road as both handset manufacturers and wireless carriers attempt to serve as the portal for Web-based service to your wireless handset , '' he wrote .",1,neutral
"Net sales totaled EUR 93.6 mn , up from EUR 93.2 mn in the corresponding period in 2005 .",2,positive
Ixonos will finance the acquisition through a 3.8 mln euro $ 5.2 mln loan .,1,neutral
"The contractor of the shopping center , China State Construction Engineering Corporation , has previously built e.g. airports , hotels and factories for large international customers in different parts of the world .",1,neutral
The volumes are expected to increase during the next few years .,2,positive
"In Finland , the five largest brands control 90 % of the beer market .",1,neutral
"Tekla 's defense business employs over 20 persons and is located in Espoo , Finland .",1,neutral
"ST. PETERSBURG , Oct 14 ( PRIME-TASS ) -- Finnish tire producer Nokian Tyres plans to invest about 50 million euros in the expansion of its tire plant in the city of Vsevolozhsk in Russia 's Leningrad Region in 2011 , the company 's President Kim Gran told reporters Thursday .",2,positive
"Ruukki Romania , the local arm of Finnish metal producer Ruukki , increased its capital by 900,000 euro ( $ 1.14 mln ) through cash contribution , it was reported on September 19 , 2006 .",2,positive
Risk exposure by Non-life Insurance  Moving 12-month  Expenses by function in Non-life Insurance excluding expenses for investment management and expenses for other services rendered Non-life Insurance investment portfolio by allocation,1,neutral
A survey conducted by Taloustutkimus for Sampo Life shows that companies are badly prepared to losing key staff members .,0,negative
The shops are located in the capital region and the Paijat-Hame region .,1,neutral
"The RME from Telcontar enables the handset to calculate the best route and includes support for user-defined routes , feature navigability and multi-modal routing such as via foot and ferry .",1,neutral
And that 's exactly what happened on a recent weekday when an East Haven baker was brought in to remind residents about the Easter tradition of making wheat and rice pies .,1,neutral
The proposed consolidation activities will impact approximately 30 positions .,1,neutral
"International sales rose by 59.8 % to EUR 1,244.4 mn .",2,positive
Managing Director Kari Inkinen says that Sponda 's leasing operations developed highly favourably .,2,positive
"Mobile phone shipments jumped 26 percent to almost 112 million units , while Finnish company 's global market share rose to 39 percent from 36 percent .",2,positive
"Operating profit before non-recurring items was EUR 8.3 mn in the first nine months of 2008 , compared to EUR 8.4 in the corresponding period in 2007 .",0,negative
"The total size of the complex is around 25,000 m2 and the project will be constructed in stages .",1,neutral
"In the reporting period , the company 's operating profit grew by 43.2 % to EUR 6 million .",2,positive
"Net sales by the Sata-Flexo Group came to some EUR4 .3 m in 2007 , and the group companies employed a total of 40 people .",1,neutral
The sales of the Tiimari segment fell by 4.0 % year-on-year to EUR3 .3 m in June 2010 .,0,negative
"Neste Oil said that while results from its biomass to 3 liquids demonstration plant , commissioned in June 2009 , have been promising , no decision on a commercial plant has been taken .",1,neutral
Deliveries have started and the network will be ready for a launch soon .,2,positive
"Koduextra is operating a retail chain of 11 stores , controlled by Finnish Non-Food Center KY , Rukax OY , and Scan-Tukka OY .",1,neutral
"Through the new production lines at the Novator mill in Veliky Ustjug , Vologda Oblast , Sveza will change its current 1.5 m by 1.5 m birch plywood production targeting the domestic market to produce 1.5 m by 3.0 m overlaid birch plywood for the global market .",1,neutral
The implementation of the deal is subject to the approval by the Finnish Competition Authority .,1,neutral
These measures are expected to produce annual cost savings of EUR 1.5 million starting in 2007 .,2,positive
"Tiimari 's registered share capital is 16,474,755 shares as per today .",1,neutral
The growth of net sales in the first half of 2008 has been 28 % compared with the first half of 2007 .,2,positive
Connectivity Services include outsourced Scan and Capture which transfers paper invoices into electronic format and Basware Business Transactions Service enables the customer to receive and send invoices in an electronic format .,1,neutral
"In the third quarter , net sales increased by 12 % year-on-year to EUR159 .5 m , or by 6 % at comparable currency rates growth .",2,positive
"HELSINKI AFX - Salcomp , the mobile phone charger manufacturer , said it has appointed Markku Hangasjarvi as its new CEO , following the resignation of Mats Eriksson .",1,neutral
The firm builds components for mobile phones and other communications products .,1,neutral
Boomerang Boats had net sales of EUR 4.1 mn and it made an operating profit of EUR 0.4 mn in 2006 .,1,neutral
"` Nordea 's definitely too big for Sampo to acquire , ' said an analyst ` But Sampo would appear to have an agenda for Nordea ahead of the privatisation .",1,neutral
The contract is worth some EUR 1 million .,1,neutral
SCANIA Morgan Stanley lifted the share target on Swedish heavy-duty truck and bus maker Scania AB to 330 crowns ( $ 42.4 - 35.2 euro ) from 310 crowns ( $ 39.8 - 33.1 euro ) .,2,positive
"Taking a cue from the playbook of the East Dillon Lions , we 've created a special team of heavy-hitting style players , such as boot-cut jeans , tummy tops and , of course , cowboy boots .",1,neutral
Finnish sports equipment maker Amer Sports Oyj ( HEL : AMEAS ) said today that its net loss narrowed to EUR 16.9 million ( USD 22.3 m ) in the second quarter of 2010 from EUR 23.2 million in the corresponding period a year earlier .,2,positive
Group net sales in the third quarter of 2007 totaled EUR 142.3 mn and operating profit EUR 4.3 mn .,1,neutral
The Board of Directors has proposed the Extraordinary General Meeting to authorise the Board to decide on the issuance of a maximum of 30mn new shares in one or more share issues .,1,neutral
"It grew in Finland , Norway , Denmark and the Baltic countries .",1,neutral
"Before Kemira 's installation NordAlu was producing 3,500 tons of liquid and solid aluminum waste per year .",1,neutral
"Revenue grew by 2 percent to  x20ac 580 million $ 743 million , from  x20ac 569 million .",2,positive
"Revenue was slightly down , at  x20ac 495 million $ 634 million , compared to  x20ac 497 million a year earlier .",0,negative
Net profit in the same period in 2006 was 36.6 million euros .,1,neutral
"The company 's profit totaled Ls 578,100 in H1 2007 , down 30.9 % year-on-year .",0,negative
The deal also includes a ten-year maintenance agreement .,1,neutral
It is estimated that the consolidated turnover of Kausta Guder will reach Lt 53mn US$ 22.53 mn EUR 15.35 mn in 2007 .,1,neutral
"Country : , Switzerland Sector : Pharmaceuticals Target : Synosia Therapeutics Holding AG Buyer : Biotie Therapies Corp Deal size in USD : 129.4 m Type : Corporate acquisition Financing : All-stock Status : Closed",1,neutral
CS Cabot 's main consumers on the Czech and Slovak market are tires producers Barum Continental and Matador Continental .,1,neutral
The hull of the vessel was built one block at a time and Ruukki delivered the plate material for each block as construction progressed .,1,neutral
The intent of the article was to focus attention on the fact that the development model that China had followed was very different than the model that India had followed .,1,neutral
"Kemira , headquartered in Helsinki , Finland , is an international chemicals group comprising the business areas Kemira Pulp & Paper , Kemira Water , Kemira Specialty and Kemira Coatings .",1,neutral
"This new representation extends Comptel 's global presence to a total of 18 countries , serving over 250 customers in over 80 countries worldwide .",2,positive
The company will also be compensated for acting as a reserve batch plant .,2,positive
It is also 7.7 pct above the 12-month volume weighted average price of the stock .,2,positive
"The selling consortium includes funds managed by OKO Bank 's venture capital unit , Bio Fund Management and Finnish Industry Investment , a government-owned investment group .",1,neutral
The board of directors also proposed that a dividend of EUR0 .20 per outstanding share be paid .,1,neutral
"Through the Nordic Exchange , OMX offers access to approximately 80 percent of the Nordic and Baltic securities market .",1,neutral
The company said shareholders will be able to vote on the agreement at an EGM scheduled for later this month .,1,neutral
Finland 's Poyry Energy has won a contract to advise builders of a new cogeneration power plant in Lithuania 's second-biggest city of Kaunas and to supervise the construction process .,2,positive
What we think ?,1,neutral
The power generated annually by Loviisa covers about 10 % of Finland 's electricity consumption .,1,neutral
Finnish construction group Lemmink+ñinen has been awarded two road building contracts by the Lithuanian transport administration .,2,positive
"HK Ruokatalo produces many turkey products , such as cold cuts .",1,neutral
"schwalm ( at ) outotec.com Eila Paatela , Vice President - Corporate Communications tel. +358 20 529 2004 , mobile +358 400 817198 e-mail eila .",1,neutral
"These include software development for internet and mobile telephone content , communications , value-added software , financial services , security applications , systems integration and electronics , '' EBRD informed .",1,neutral
The company admits that 36 months is a relatively short time when operating in Russia .,1,neutral
Currency conversions are based on exchange rates at the time of the deal .,1,neutral
"Aldata Solution Oyj Stock Exchange Release 11 August 2006 , at 11.00 am ALDATA SHARES SUBSCRIBED FOR WITH 2003 STOCK OPTIONS A total of 95,000 new shares of Aldata Solution Oyj have been subscribed for with the company 's 2003A stock options .",1,neutral
"The device can also be used for theft protection and positioning of vehicles , boats and other assets .",1,neutral
"In the fourth quarter of 2008 , net sales increased by 2 % to EUR 1,050.7 mn from EUR 1,027.0 mn in the fourth quarter of 2007 .",2,positive
It estimates the operating profit to further improve from the third quarter .,2,positive
"Altona stated that the private company of Altona chairman Kevin Maloney , Tulla Resources , would take up its entitlement in full .",1,neutral
"Cost savings will then rise to some 20 mln eur a year from 2007 , OKO said .",2,positive
Measures will be launched immediately and are due to be finalized in the first quarter of 2010 .,1,neutral
"In the third quarter of 2010 , net sales increased by 5.2 % to EUR 205.5 mn , and operating profit by 34.9 % to EUR 23.5 mn .",2,positive
Increase in the number of shares is based on the option rights which were granted to the management of the company under the stock option plan 2006 .,1,neutral
"Includes company and brand share data by category , as well as distribution channel data .",1,neutral
Finnish and Swedish construction markets are still experiencing an estimated 4 % annual growth in 2008 .,2,positive
"At 12.59 pm , the OMX Helsinki 25 index was 0.32 pct lower at 2,694.81 .",0,negative
The shares carry a right to dividend and other shareholder rights as from their registration with the Finnish Trade Register .,1,neutral
"The contract covers installation , training and start-up services .",1,neutral
"`` Each year , personal entertainment plays a more significant role in determining whether a fitness facility 's workout experience is pleasurable or a chore , '' said Brian Wilson , director of marketing for Precor 's Entertainment & Services Division .",1,neutral
"Sullivan said some of the boards `` really involve a lot of work , and people should get paid for their time . ''",1,neutral
No changes in media activity were seen in October compared with September .,1,neutral
"Ruukki 's delivery volumes and selling prices showed favourable development and the company 's comparable net sales grew by 50 % year-on-year to EUR647m , CEO Sakari Tamminen said .",2,positive
More than 80 special events in the three counties during four months were hosted by the library system and its nine branch libraries .,1,neutral
"The price of raw material aluminium went up at the end of 2005 , but the company considers its outlook for 2006 favourable .",2,positive
Nokia was up 0.12 pct to 16.70 eur after kicking off the morning in negative territory .,2,positive
The value of the contract is EUR 25mn .,1,neutral
The recent troubles simply make NETeller cheaper .,0,negative
"`` The number of collection errors fell considerably , and operations speeded up .",2,positive
He is a member of the Board of numerous com-panies and a shareholder of the Boardman Ltd board specialist net-work .,1,neutral
"Rautalinko was resposnible also for Mobility Services , and his job in this division will be continued by Marek Hintze .",1,neutral
"Cash flow after investments amounted to EUR45m , down from EUR46m .",0,negative
"3 February 2011 - Finnish broadband data communication systems provider Teleste Oyj HEL : TLT1V said yesterday its net profit rocketed to EUR4 .8 m in 2010 from EUR416 ,000 in 2009 and it lifted its dividend proposal .",2,positive
"On the following workday customers can check from their home computers how their purchases are divided between different ingredient groups , how much energy various products contain and what is the nutritional content of all purchases .",1,neutral
You will hear the latest insights and updates on Citycon 's strategy as well as the latest news from all the business units .,1,neutral
Finland-based Stockmann Group has closed seven franchising sports stores Nike in Russia .,0,negative
"According to Finnish Metso Minerals , the value of the company 's orders has gone up to EUR 1.9 bn in 12 months .",2,positive
"Currently , 95 % of Trainers House 's revenues are attributed to the Finnish market .",1,neutral
"Samsung currently occupies third place and lost ground during the quarter , dropping by 1.8 % to an 11.1 % share overall .",0,negative
The event can also be viewed as a live webcast at www.cargotec.com .,1,neutral
The company now estimates its net sales in 2010 to increase considerably from 2009 and its operating result to be clearly positive .,2,positive
Renesas Mobile Europe Ltd has approximately 470 employees in Oulu .,1,neutral
The move was triggered by weak demand for forestry equipment and the uncertain market situation .,0,negative
"Incap , headquartered in Oulu , Finland , is a electronics contract manufacturer with some 750 employees in Finland , Estonia and India .",1,neutral
Operating profit fell to EUR 23.26 mn from EUR 32.86 mn .,0,negative
"The other actions include the cutting of the expensive weekend shifts , the freezing of the production bonus system and by a general cost-cutting program .",1,neutral
Net profit was 35.5 mln compared with 29.8 mln .,2,positive
: Lietuvos Respublikos sveikatos apsaugos ministerija has awarded contract to UAB `` AFFECTO LIETUVA '' for financial systems software package .,2,positive
Estimations indicate that even up to 170 different tablet computers or reading devices will be available in 2011 .,1,neutral
"According to CEO Kai Telanne , the company 's newspapers achieved the best financial result ever .",2,positive
"Rapala VMC Corporation Rapala , a leading fishing tackle and sporting goods manufacturer and distributor , is the main owner of Peltonen with its 80 % shareholding .",1,neutral
"The market share of Volkswagen passenger cars in Finland was 10.1 percent , Audi had a market share of 3.1 percent and Seat 's share was 0.9 percent .",1,neutral
Aktia forecasts Finland 's inflation at 1.1 % in 2010 .,1,neutral
"Both operating profit and net sales for the six-month period increased , respectively from EUR18 .1 m and EUR127 .6 m , as compared to the corresponding period in 2006 .",2,positive
"The company 's order book stood at 1.5 bln euro $ 2.2 bln on September 30 , 2007 , up by 24.2 pct on the year , with international orders amounting to 365 mln euro $ 534.3 mln .",2,positive
Pertti Ervi is independent from the Company and its major shareholders .,1,neutral
Cash flow from operations rose to EUR 52.7 mn from EUR 15.6 mn in 2007 .,2,positive
The MET is located in the Central Business District ( CBD ) of Bangkok .,1,neutral
"We know that it exists , '' Artemyev said .",1,neutral
"However , the orders received during the period under review fell by 17 % quarter-on-quarter from the EUR 213 million recorded in the second quarter of 2010 .",0,negative
"Cohen & Steers , Inc. : 5 534 530 shares representing 4.985 % of the share capital and voting rights .",1,neutral
"Body The credit falls due February 24 , 2014 .",1,neutral
"The method utilises waterborne Ultra products , giving protection to wooden surfaces in an industrial painting process whereby two layers of top coat are applied on exterior wooden panels and boards without a separate primer .",1,neutral
The order was valued at over EUR15m .,1,neutral
"- The Group -¦ s profit before taxes was EUR 0,2 7,8 million .",1,neutral
"The talks involved the Food and Ingredients Divisions , as well as group service functions , the company said .",1,neutral
"The Group , with net sales of EUR 235 million in 2009 , employs more than 2 000 people in 33 countries .",1,neutral
"The total scope of the project is about 38,000 square metres and it is valued at a total of around EUR75m .",1,neutral
Atria will also buy the shares of Kauhajoen Teurastamokiinteistot Oy (Kauhajoki slaughterhouse property)from Itikka Co-operative .,1,neutral
"It is Estonia 's second-largest meat processing company by market share ( according to AC Nielsen 's 2008 data , 13 percent ) .",1,neutral
"In Finland , the city of Forssa has said it will not pay compensation to food industry companies HK Ruokatalo and Atria for the lye leak into tap water that occurred in March 2008 .",0,negative
"The address location is provided to a local controller , preferably by wireless transmission , which then uses the address location to access the appliance control module .",1,neutral
"Mr Ashley , deputy executive chairman of Sports Direct , sold a 43pc stake in the company for more than pounds 900m at the time of the float .",1,neutral
"Prothious Engineering ( www.prothious.com ) employs more than 1,000 and has a large portfolio of projects and an annual detailing capacity of more than 100,000 tonnes .",1,neutral
"According to Finnair Technical Services , the measure is above all due to the employment situation .",1,neutral
"Significance : Teleste has emphasised that with its large size and growing economy , as well as the rapid development of its TV services distribution industry , Poland is viewed as an attractive market .",2,positive
Finnair 's total traffic decreased by 8.7 % in terms of revenue passenger kilometres .,0,negative
"( ADP News ) - Dec 11 , 2008 - Finnish construction and engineering company Outotec Oyj ( OMX : OTE1V ) said today it won a EUR 28 million ( USD 36.8 m ) order to expand the phosphate concentrator in Siilinjarvi of Norwegian minera",2,positive
"By 14:29 CET on Monday , shares in Bavarian Nordic had climbed 1.21 % to DKK250 on the stock exchange in Copenhagen after having lost 7.41 % in the past month .",2,positive
"At end-August , Sampo was Nordea 's biggest shareholder with a 20.6 % stake , followed by the state with 19.9 % .",1,neutral
Diluted earnings per share ( EPS ) declined to EUR 0.78 from EUR 1.76 .,0,negative
The Group 's revenue in 2009 amounted to EUR 70 million and the company currently employs approximately 780 people .,1,neutral
"`` We will now , after the relevant authority approvals , make a mandatory bid as required by the Finnish Securities Markets Act .",1,neutral
Nordea Bank Estonia is part of the largest financial group in the Nordic countries .,1,neutral
The value of the contract is about EUR 27mn .,1,neutral
"Following the demerger , the vice president of the group 's pharmaceutical trade in Finland , Jukka Niemi , will be appointed managing director of Oriola in addition to his current responsibilities .",1,neutral
Talvivaara has secured a 10-year off-take agreement for 100 per cent of its main output of nickel and cobalt to Norilsk Nickel and entered into a long-term zinc streaming agreement with Nyrstar NV .,2,positive
"128,538 shares can still be subscribed for with Series E share options , max .",1,neutral
The medium-term operative targets of the company remain unchanged .,1,neutral
"- BEIJING XFN-ASIA - Hong Kong-listed Standard Chartered Bank said it has signed a China mobile phone dealer financing agreement with Nokia , making it the first foreign bank to offer financing to the country 's small and medium enterprise -LR",2,positive
The total value of the project is valued at SEK 30bn ( EUR 2.83 bn USD 3.81 bn ) .,1,neutral
Russia 's Video International Group holds a controlling stake in Russian Media Ventures .,1,neutral
"Quartal Oy now owns 2,094,063 shares in Satama Interactive Plc , which represents 5,19 per cent of the share capital and voting rights .",1,neutral
"Shares in Royal and Sun Alliance continued to slide back from a 12-month high of 172p last month , after a potential suitor ruled itself out of a takeover bid .",0,negative
"In Q1 of 2009 , the company 's operating loss totalled EUR 0.3 mn , compared to a profit of EUR 3.6 mn in Q1 of 2008 .",0,negative
Deliveries will start in the second half of 2007 and the start-up of the mill is scheduled for 2008 .,1,neutral
"On 20 March 2006 , Stora Enso refused to comment the news in any way .",1,neutral
"With sales of $ 12.7 billion over the last twelve months ending October , 2010 and over 9,200 stores in 35 states , Dollar General is the nation 's largest small box discount retailer .",1,neutral
"The Finnish company is building a 800,000 mt-year biodiesel plant in Singapore .",1,neutral
"Igor and Oleg Yankov , who currently manage Moron and Vitim , will hold onto the 25 % stake for now .",1,neutral
It has been agreed with the company 's Board of Directors that she will be available in an advisory role .,1,neutral
25 November 2010 - Finnish paints and coatings company Tikkurila Oyj ( HEL : TIK1V ) said today that Finnish state-owned investment company Solidium Oy sold its 14.7 % stake in the company for a total of EUR98m .,1,neutral
"Honkarakenne mainly exports large luxury log houses to Russia to be used as one-family houses or holiday homes ; 70 % of sales go to the Moscow region , about 20 % to the St Petersburg region , and the remainder to other locations .",1,neutral
"Finnish Neste Oil that was previously on the list , has fallen off the list completely .",1,neutral
"The change in holdings in accordance with Chapter 2 , Section 9 of the Finnish Securities Markets Act is described below .",1,neutral
"YIT 's Baltic sales in the first three quarters of 2008 totaled 106.2 million euros , representing a drop of 29 percent year on year .",0,negative
"L&T is operative in Finland , Sweden , Latvia , Russia and Norway .",1,neutral
An individual promotion also generated slightly higher-than-expected revenues .,2,positive
"According to PKC , the acquisition would bring a significant addition to PKC 's customer base .",2,positive
Why not give your bedroom a cool makeover for summer .,1,neutral
"Under a preliminary estimation , the technology park will measure about 50,000 square meters .",1,neutral
"The broad-based WIG index ended Thursday 's session 0.1 pct up at 65,003.34 pts , while the blue-chip WIG20 was 1.13 down at 3,687.15 pts .",1,neutral
"In the end of 2006 , the number of outlets will rise to 60-70 .",2,positive
Olvi has posted a strong set of figures for the first six months of this year .,2,positive
"Kesko Agro Eesti , the retailer and wholesaler of grain , agricultural and warehousing machinery and accessories , had net sales of 81 million euros in 2007 , an increase by one-tenth over the preceding year .",2,positive
"Operating profit margin was 8.3 % , compared to 11.8 % a year earlier .",0,negative
"Its customers include local companies Slo Oy , Kiilto Oy , Toptronics Oy , Normark Suomi Oy , Pellonpaja Oy and Mansner Oy .",1,neutral
The plant is expected to start production in the first half of 2007 .,1,neutral
"In January-September 2007 , Finnlines ' net sales rose to EUR 505.4 mn from EUR 473.5 mn in the corresponding period in 2006 .",2,positive
"OUTOTEC OYJ PRESS RELEASE DECEMBER 4 , 2009 10.30 AM Outotec establishes a new subsidiary in Kolkata Outotec has established a subsidiary in India in order to better serve its Indian customers and to increase its business in the growing Indian market .",2,positive
"Operating profit totalled EUR 21.1 mn , up from EUR 18.6 mn in 2007 , representing 9.7 % of net sales .",2,positive
The financial details of the transaction were not disclosed .,1,neutral
"ADPnews - Dec 23 , 2009 - Norwegian financial services group SpareBank 1 Gruppen AS OSL : SBGRP said its board of directors appointed today Jarle Haug managing director of its claims collection subsidiary SpareBank 1 Gruppen Finans",1,neutral
"Swedbank Hypotek - Is to issue a benchmark , fixed rate covered deal in Euros , maturing January 2010 .",1,neutral
The use case dramatically narrows if you go only with the hot s Ltd.,1,neutral
Pharmaceutical market in Czech Republic Global Research & Data Services published recently a market analysis about the pharmaceutical markets in Czech Republic .,1,neutral
"Marathon now has a 4.6 percent stake in PLX , it said , according to Bloomberg .",1,neutral
The recruits who have completed the K-retailer trainee program are qualified to start a career as independent retailers in K-stores .,1,neutral
"After the sale , Savcor Group Ltd will comprise Savcor ART , a corporate function and an investment in Cencorp Corporation .",1,neutral
"Financial , strategic and operational factors are considered .",1,neutral
"Metso is a global supplier of sustainable technology and services for mining , construction , power generation , automation , recycling and the pulp and paper industries .",1,neutral
A quick `` one-stop-shop '' to understand the company .,1,neutral
Finnish navigation device manufacturer Benefon that is changing its name to GeoSentric reports net sales of about EUR 1.1 mn in the second quarter of 2007 .,1,neutral
Elcoteq expects its net sales for the last quarter of 2010 to be on the level of the third quarter .,1,neutral
"According to Soosalu , particular attention was paid to residents privacy and security in the design of the Aleksandri Street building .",1,neutral
"According to the prosecutor , the share transactions were carried out after HK Ruokatalo had proceeded in the negotiations concerning the acquisition of Swedish Meats .",1,neutral
Suomen Paikallissanomat Oy is part of Alma Media Group and it currently publishes 15 local newspapers across Finland .,1,neutral
"Finnish consulting and engineering group Poyry Plc ( OMX Helsinki : POY ) said on Wednesday ( 1 October ) that it has been awarded a contract by Tanqia Dibba FZC as owner-engineer for the wastewater system of Dibba , Emirate of Fujairah , UAE .",2,positive
`` People who enjoy mobile games are often the same customers who enjoy experimenting with new mobile services and content .,1,neutral
"In the third quarter of 2007 , net sales totaled EUR 25.95 mn , and operating profit EUR 3.88 mn .",1,neutral
"Salcomp Oyj , the Finnish maker of mobile phone chargers , Monday posted a EUR1 .49 million loss in the second quarter compared with a 1.70 million profit in the same period the previous year .",0,negative
The announced restructuring will significantly decrease the Company 's indebtedness .,2,positive
Metsa-Botnia will sell 82.1 % of its stake in the Uruguayan companies and Metsaliitto -- 5.5 % .,1,neutral
"Its product portfolio comprises harvesters , forwarders , harvester heads , as well as cranes and loaders .",1,neutral
`` Lemminkainen Talo Oy 's Lahti office is a significant logistics and business premises constructor .,1,neutral
ASSA ABLOY Kaupthing Bank gave a ` neutral ' recommendation and a share price target of 174 crowns $ 24.7 - 19 euro on Swedish lock maker Assa Abloy AB .,1,neutral
Turnover rose to EUR21m from EUR17m .,2,positive
"( ADP News ) - Finnish handling systems provider Cargotec Oyj ( HEL : CGCBV ) announced on Friday it won orders worth EUR 10 million ( USD 13.2 m ) to deliver linkspans to Jordan , Morocco and Ireland .",2,positive
"Helsinki 19 May 2010 - Finnish company Lemminkainen Oyj ( HEL : LEM1S ) said today that it will construct an office building at Toolonlahti in downtown Helsinki , without disclosing financial details .",1,neutral
"This implementation is very important to the operator , since it is about to launch its Fixed-to-Mobile convergence service in Brazil see Brazil : 8 May 2006 : .",1,neutral
"The number of class A shares remains unchanged at 9,526,089 shares .",1,neutral
A high court in Finland has fined seven local asphalt companies more than   lion ( $ 117 million ) for operating a cartel .,0,negative
"The company can be split into two parts over the coming months , with Essent owning and operating production and supply , and Enexis owning and operating the grid .",1,neutral
The new location is n't the only change Wellmont has in store for its air transport service .,1,neutral
Autotank Group is part of Aspo 's Systems Division .,1,neutral
"As a part of the plan , the Board of Directors decided to transfer a maximum of 330,000 shares held by the company in a share issue against payment directed to Aspo Management Oy , a holding company acquired by the management .",1,neutral
Country : ; Germany Sector : Construction-Real Estate ; Machinery-Engineering Target : Caverion GmbH Buyer : YIT Oyj Deal size in USD : 90.3 m Type : Corporate acquisition Status : Agreed,1,neutral
"Several large stocks tacked lower , however .",0,negative
"According to HK Ruokatalo , almost all the meat used by the company comes from Finland .",1,neutral
The identity of the buyer is not yet known .,1,neutral
The Company turnover amounted to MEUR 27.9 in 2007 .,1,neutral
This release is not an offer of securities for sale into the United States or elsewhere .,1,neutral
"External net sales from the printing business fell by 43.7 % , partly due to the termination of the printing contract between Ilkka-Yhtyma 's printing house I-print Oy and sector player HSS Media AB in December 2009 and the fall in printing prices .",0,negative
ND = Not disclosed .,1,neutral
The company says the measures are no longer needed .,1,neutral
M. and a Master of Business Administration MBA .,1,neutral
"A total of 38,244 new Citycon shares with a nominal value of EUR 1.35 per share were subscribed on 19 April exercising the A-B-C options based on the company 's stock option plan 1999 .",1,neutral
Residents access to the block is planned to be from Aleksandri Street .,1,neutral
"In the second quarter of 2010 , Raute 's net loss narrowed to EUR 123,000 from EUR 1.5 million in the same period of 2009 .",2,positive
"Body ES Vostok also owns stakes in power sales companies MosenergosbytBody ( RTS : MSSB ) ( 50.9 % ) , Altaienergosbyt ( 100 % ) , Saratovenergo ( RTS : SARE ) Body ( 48.36 % ) and Tambov Power Sales Company ( RTS : TASB ) ( 49.01 % ) , all ofBodywhich it received from the distribution balance .",1,neutral
At CapMan Haavisto will be responsible for Group Finances and Accounting and IT .,1,neutral
Satama and Trainers ' House will remain as names and independent brands of the business areas .,1,neutral
ABB Deutsche Bank upgraded its recommendation on Swiss-Swedish engineering group ABB Ltd. to ` Buy ' from ` Hold ' .,2,positive
"Typical end-uses include roof structures , floorings , walls and ceilings , non-visible structures in vehicles , packaging and boxes , construction site structures , fencing and shelters , and formwork with a limited number of concrete pourings .",1,neutral
Production is scheduled to start by the end of April 2007 .,1,neutral
The full-function PC weighs 1.25 kilograms and measures slightly more than two centimeters thin .,1,neutral
"Jensen , Njastein and Mike Critch , the head of Dovre North America business unit , will report to Toivola .",1,neutral
"Result before taxes decreased to nearly EUR 14.5 mn , compared to nearly EUR 20mn in the previous accounting period .",0,negative
That would be an increase from estimated sales of 117 million last year .,2,positive
SKF 6 April 2010 - Alandsbanken has given a `` buy '' recommendation on Swedish industrial company SKF AB ( STO : SKF B ) with a share price target of SEK150 .,2,positive
"According to latest information , Benefon will launch its Twig device on 20 September 2006 .",1,neutral
The expanded company will continue to be called NewPage .,1,neutral
"Sarantel , based in Wellingborough , UK , designs high-performance antennas for portable wireless devices .",1,neutral
"The commission found evidence of several meetings to discuss the cartel , including one in a Brussels restaurant in November 1997 at which the companies discussed price increases .",1,neutral
"Operating loss totalled EUR 12.7 mn , compared to a profit of EUR 17.7 mn in the first half of 2008 .",0,negative
Exports grew 16.5 percent to 19.1 million liters .,2,positive
"Thus the group 's balance sheet will have about EUR 25.8 million of goodwill , the company added .",1,neutral
Reported operating margin was a negative 5.9 % .,0,negative
"The contracts between Raute Corporation and Muling Kemian Wood Products Co. , Ltd. , which were announced on 3 November 2010 , have taken effect .",1,neutral
Subject-matter of the invention furthermore is the use of the cyclone for separating partly molten particles . '',1,neutral
Operating profit rose to EUR 13.5 mn from EUR 9.7 mn in the corresponding period in 2006 .,2,positive
The orders are part of a long-term development plan of Latvijas Finieris .,1,neutral
`` They want my credit card info and my personal details .,1,neutral
"The company reported a profit of 800,000 euro ($ 1.2 mln)on the sale of its Varesvuo Partners sub-group and a loss of 400,000 euro $ 623,000 caused by the sale of its program production subsidiary Oy Filmiteollisuus Fine Ab .",1,neutral
An international conference call and audio webcast concerning the financial result January-March 2010 will begin at 14.00 EET .,1,neutral
"Some 3.8 mln euro ( $ 5.2 mln ) of the base acquisition price will be paid in cash and the rest through a subscription offering of a total of 850,000 new Ixonos shares .",1,neutral
"In the Baltic states the company reports net sales of EUR 11.9 mn , down from EUR 14.2 mn , and an operative EBIT of EUR -2.2 mn , down from EUR -1.7 mn .",0,negative
Orion Pharma 's operating profit increased by 42.5 % from 2004 .,2,positive
"With the acquisition , the company will expand its offering to North , Central and South America , it said .",2,positive
"Ahlstrom Corporation STOCK EXCHANGE ANNOUNCEMENT 23.4.2007 Ahlstrom Corporation will publish its first quarter financial results 2007 on Friday , April 27 , 2007 approximately at 8.30 a.m. Finnish time .",1,neutral
Net sales of the Vegetable Oil Business rose to EUR 10.6 mn from EUR 10.1 mn .,2,positive
"A meeting for the media and analysts will be held on the same day at 10:30 a.m. at Stonesoft Headquarters in Helsinki , Italahdenkatu 22 A. The Interim report will be presented by Stonesoft 's CEO Ilkka Hiidenheimo .",1,neutral
The lay-offs will affect 240 people out of the total 320 Okmetic employees in Finland .,0,negative
"The OMX Nordic 40 OMXN40 index , comprising the 40 most traded Nordic stocks on the Nasdaq OMX exchange , closed down 0.87 % at 1,064.14 points on Thursday .",0,negative
"There has been some recovery of the base metals prices and increased demand for metals in China , however .",2,positive
"Tieto offers Aktia a good foundation and the required support services for implementing the update project , ' says Juha Volotinen , responsible for Aktia 's web services .",2,positive
The transaction included also the transfer of the lease agreement concerning manufacturing premises and employment agreements related to these operations .,1,neutral
"The share capital of Biotie Therapies Corp. constitutes 90,211,860 shares in the aggregate and the number of voting rights attached to the shares amounts to 90,211,860 .",1,neutral
Finnish Bank of +àland +àlandsbanken has issued a profit warning .,0,negative
"- Inge Larsen (CFO), 29,045 shares , representing 0.50 % of the share capital .",1,neutral
"The fair value of investment properties totalled EUR 2,299.9 mn , compared to EUR 2,229.5 mn in the corresponding period in 2009 .",2,positive
Finnish publishing and printing group Ilkka-Yhtym+ñ will introduced a staff smoking ban as of the beginning of 2007 at the company 's three newspapers .,1,neutral
The figure does not include food exports from Finland .,1,neutral
High winds also toppled three semi-trailers on I-15 north of Barstow .,1,neutral
"Kesko 's car import and retailing business , VV-Auto , saw sales grow by 17.1 pct .",2,positive
Nordea sees a return to positive growth for the Baltic countries in 2011 .,2,positive
"Finnish airline Finnair has won a deal with the UK public sector to be the official airline for flights from London Heathrow to Osaka in Japan , as well as flights between Manchester in the UK and Helsinki in Finland .",2,positive
"During the strike , Finnair estimates to incur a net loss of between EUR2m and EUR2 .5 m per day .",0,negative
"The Board of Directors proposes to the Shareholders ' Meeting on 18 March 2010 that the company would pay dividend for the financial year January 1 - December 31 , 2009 , EUR 0.02 per share .",1,neutral
Basware finances the acquisition with a bank loan .,1,neutral
The customer is cooperative retailer Osuuskauppa Suur-Savo .,1,neutral
"Net interest income was EUR 152.2 mn , up from EUR 101.0 mn in 2008 .",2,positive
"Neste Oil Corp. has signed long-term procurement contracts with Honkajoki Oy and Findest Protein Oy , both owned by Finnish food manufacturers , for the supply of animal fat for biodiesel production at Neste 's 200,000 b-cd Porvoo , Finland , refinery .",2,positive
"CDP was established on the initiative of institutional investors ; however , the annually published results also interest an increasing number of customers and other interest groups of the reporting companies .",1,neutral
"After the acquisition , Basware 's preliminary pro forma net sales for 2005 amount to EUR 52.6 mn , and preliminary pro forma operating profit amounts to EUR 7.1 mn .",1,neutral
"SSH Communications Security Corporation is headquartered in Helsinki , Finland .",1,neutral
"With five different game modes , co-op tournaments , 4 player split-screen and multiplayer modes , players can have as much fun as they would if they were actually fishing .",1,neutral
The order also includes extensive maintenance work of a shoe press delivered by Vaahto in 2001 .,1,neutral
Construction is expected to be completed in the summer of 2011 .,1,neutral
"The approximately 20,000 dwt vessel has been ordered from India .",1,neutral
"Aspo Plc STOCK EXCHANGE RELEASE February 11 , 2011 at8 .45 a.m. ESL Shipping Ltd , part of Aspo Group , has signed a new , long-term contract with Rautaruukki Corporation for the marine transport of raw materials on the Baltic Sea .",2,positive
"Lee & Man Paper and Metso have a long and prosperous co-operation , a good example of which are the Changshu and Hongmei kraftliner machines delivered earlier .",2,positive
"However , the broker gave an `` outperform '' recommendation on the stock .",2,positive
"The broker highlights Cargotec as its preferred stock in the sector , as it is a pure play on global cargo and container handling , and it expects it to play an active role in further consolidating the industry .",2,positive
"The metal has gained 41 percent this year as demand from China , the world 's largest user , increased .",2,positive
"As much biomass will be used as can be sourced locally , with the rest of the plant 's fuel needs met by peat .",1,neutral
"Conference Call To participate via a conference call , please dial in 5-10 minutes before the beginning of the event : +44 0 20 7162 0025 Europe or +1 334-á323-á6201 USA .",1,neutral
It was decided that the auditors are reimbursed according to invoice .,1,neutral
Rautaruukki Corporation Stock exchange release 3 December 2009 at 12 noon Ruukki 's construction and engineering divisions are to further improve and adjust their operations in Finland .,2,positive
This resulted in improved sales figures in Sweden .,2,positive
First quarter underlying operating profit rose to 41 mln eur from 33 mln a year earlier .,2,positive
Net sales decreased to EUR 91.6 mn from EUR 109mn in the corresponding period in 2005 .,0,negative
Also Lemmink+ñinen 's profit for accounting period went up to EUR 3.1 mn from EUR -24.5 mn a year ago .,2,positive
"The other seats would go to Edgar Edmonds , an American with experience of the clothing and retail industry , and Christian Fischer , an Austrian with experience in the winter sports goods business .",1,neutral
Raute said it has won an order worth around 15 mln eur to supply several plywood production lines to mills operated by Russian wood products company Sveza Group .,2,positive
"Finnish lifting equipment maker Konecranes Oyj said on July 30 , 2008 that its net profit rose to 71.2 mln euro ( $ 111.1 mln ) for the first half of 2008 from 57.1 mln euro ( $ 89.1 mln ) for the same period of 2007 .",2,positive
"In providing managed services , Nokia takes responsibility for building , operating and transferring as well as optimising the Indosat 3G network .",1,neutral
"Argentine agricultural export company Calafate has tapped compatriot firm Finnegans for a software solution , the latter company said in a statement .",1,neutral
"Return on investment was 5.0 % , compared to a negative 4.1 % in 2009 .",2,positive
The price will be specified at the completion date .,1,neutral
Together they generate Aspo 's goodwill .,1,neutral
"Neste Oil will publish its third quarter 2008 results on Friday , 24 October 2008 at approximately 9 am ( EET ) .",1,neutral
"The total value of the agreement is USD4 .0 m , the company said .",1,neutral
"Last year , UPM cut production , closed mills in Finland and slashed 700 jobs .",0,negative
"In January-September 2010 , Fiskars ' net profit went up by 14 % year-on-year to EUR 65.4 million and net sales to EUR 525.3 million from EUR 487.7 million .",2,positive
"Indigo and Somoncom serve 377,000 subscribers and had a market share of approximately 27 % as of May 2007 .",1,neutral
"Currently the Terminator lures are produced in a subcontract facility in Mexico but the manufacturing will be transferred to Rapala 's factory in Shenzhen , China .",1,neutral
The new units should become one of the largest ones within the company .,1,neutral
"Changes being announced today will be effective after the close of trading on Friday , June 19 , 2009 .",1,neutral
"The Finnish investment company Sponda is conducting negotiations to acquire the business center Dukat Palace-2 located in the center of Moscow , from London & Regional Properties .",1,neutral
Operating profit rose to EUR 5mn from EUR 2.8 mn in the fourth quarter of 2008 .,2,positive
"Last July , the group said it intended to relocate warehouse and office space in Loudeac and Saint Marcel to Morvillars , in the east of France , where it already operates a hook manufacturing and distribution unit .",1,neutral
"According to M-real 's CEO , Mikko Helander , this transaction will enable the company to proceed swiftly with its restructuring program .",2,positive
Net sales of Finnish food industry company L+ñnnen Tehtaat 's continuing operations increased by 13 % in 2008 to EUR 349.1 mn from EUR 309.6 mn in 2007 .,2,positive
The Elcoteq group recently announced that the last three months of the previous year brought to it a major loss of more than half a billion kroons ( EUR 32 mln ) for the fifth quarter running .,0,negative
"`` The implementation of these programs has had , and will have , negative impacts on 2006 and 2007 earnings , '' Mr Meiklejohn said .",0,negative
"In Finland , the Bank of +àland reports its operating profit fell to EUR 6.1 mn in the second quarter of 2008 from EUR 7.5 mn in the second quarter of 2007 .",0,negative
"For the current year , Raute expects its net sales to increase and the operating result -- to be positive .",2,positive
"The add-on order contains , among others , control valves and instrumentation as well as complete mill engineering and electrification with Metso drive controls .",1,neutral
21 October 2010 - Finnish fishing tackle company Rapala VMC Corp ( HEL : RAP1V ) said today its net profit rose to EUR18 .9 m for the first nine months of 2010 from EUR15 .1 m for the same period a year earlier .,2,positive
The business section also includes Ahlstrom 's sustainability report .,1,neutral
This combined with foreign investments creates interesting opportunities for Solteq .,2,positive
"Alma Media Corporation Press Release 15 March 2010 TYRVAAN SANOMAT AND PAIKALLISSANOMAT BEING BOUGHT BY SUOMEN PAIKALLISSANOMAT Two local papers , Tyrvaan Sanomat and Paikallissanomat , appearing in Sastamala and its neighbouring municipalities , are to be bought by Suomen Paikallissanomat Oy .",1,neutral
"ALEXANDRIA , Va. , May 23 -- Matti Harkonen and Pentti Sipponen , both of Espoo , Finland , Osmo Suovaniemi of Helsinki , Finland , and Tapani Tiusanen of Vantaa , Finland , have developed a paper web press device .",1,neutral
"For the first nine months of 2010 , the company 's net profit rose to EUR41m from EUR30m for the corresponding period of 2009 .",2,positive
"In volume , the focus is already outside Finland , as 60 % of the group 's products are made in Poland and the Baltic countries .",1,neutral
"Ramirent 's net sales in the second quarterended June 30 were EURO 128.7 million about U.S. $ 163 million , a 3.3-percent increase compared with EURO 124.6 million for thesecond quarter last year .",2,positive
"Headquartered in this city , the company is nearly 75 years old and focuses on science-based innovation and technology for environmental measurement .",1,neutral
"RFID ( Radio Frequency Identification ) is a method of so-called intelligent transport , whereby information can be read and saved remotely .",1,neutral
"The price of the 10,000 kroon par value bonds was 9663,51 kroons in the primary issue .",1,neutral
UPM-Kymmene said its has ` not indicated any interest in any domestic consolidations ' .,1,neutral
Finnish KCI Konecranes has been awarded an order for four hot metal ladle cranes by Indian steel producer Bhushan Steel & Strips to be delivered in 2007 .,2,positive
Travel expenses would be reimbursed in accordance with the travel policy of the company .,1,neutral
"ENP Newswire - 22 March 2011 Release date - 21032011 - A total of 13,000 Talvivaara Mining Company Plc 's new shares were subscribed for during the period between 1 January 2011 and 28 February 2011 under the company 's stock option rights 2007A .",1,neutral
`` Our customer has been satisfied with Basware Invoice Automation solution and extends the implementation to new geographies .,2,positive
"ALEXANDRIA , Va. , Oct. 6 -- United States Patent no. 7,804,288 , issued on Sept. 28 , was assigned to Vacon Oyj ( Vaasa , Finland ) .",1,neutral
Swedbank 's shares have been hardest hit of the Swedish banks by the ongoing international financial crisis .,0,negative
Image data produced by the browser at the phone server is converted into a bitmapped image that is sent to the handset for display . '',1,neutral
Halonen 's office acknowledged receiving the letter but declined comment .,1,neutral
25 March 2011 - Finnish electronics contract manufacturer Scanfil Oyj HEL : SCF1V said today its plan to merge wholly owned Scanfil EMS Group with Ojala-Yhtyma Oy has hit a snag as shareholders of the domestic rival rejected the deal .,0,negative
Vacon 's cash flow from operations grew to EUR 37.1 mn from EUR 21.9 mn a year ago .,2,positive
"More than 50,000 tonnes of asphalt mix will be used in the contract .",1,neutral
Joint procurement will be later extended to the factories in the Baltic countries .,1,neutral
Operating profit rose to EUR 3.2 mn from EUR 1.0 mn in the corresponding period in 2008 .,2,positive
"According to Finnish financial services group Sampo 's CEO , Bj+Ârn Wahlroos , Danish Danske Bank 's acquisition of Sampo Bank for EUR 4bn was the largest cash deal in Finland 's economic history .",1,neutral
Operating profit fell to EUR 38.1 mn from EUR 55.3 mn in 2007 .,0,negative
The platform would continue to be the development framework for Symbian and MeeGo .,1,neutral
"Due to Pirkka beer , Olvi 's brewery in Iisalmi is moving to 7-day , 24-hour work shifts .",1,neutral
The following information was released by Comptel : Tomorrow the Chairman of the Federal Communications Commission is scheduled to deliver the National Broadband Plan to Congress .,1,neutral
The deal is subject to approval by the Norwegian competition authorities .,1,neutral
"4 February 2011 - Finnish broadband data communication systems provider Teleste Oyj HEL : TLT1V saw its net profit jump to EUR2 .1 m for the last quarter of 2010 from EUR995 ,000 for the same period of 2009 .",2,positive
"It is a member of the OneWorld alliance , which includes American Airlines and British Airways .",1,neutral
"The item included restructuring costs of EUR1 .6 m , while a year earlier they were EUR13 .1 m. Diluted EPS stood at EUR0 .3 versus a loss per share of EUR 0.1 .",2,positive
"In addition , the contract includes modification of the effluent treatment plant at Follum .",1,neutral
There have not been previous share subscriptions with 2004 stock options .,1,neutral
"The first four of the new shop-in-shops will be opened this spring : on Madison Avenue in New York as well as in Chicago , Los Angeles and San Francisco .",1,neutral
The value of the order is nearly EUR400m .,1,neutral
"Featuring the S60 user interface , this 135-gram model also comes with a 2.4-inch quarter VGA display and 100 megabytes of internal memory , expandable through the Micro Secure Digital slot .",1,neutral
"The contract comprises a log handling line , a peeling line , and a veneer drying and grading line .",1,neutral
The subscription period of Amer Sports ' 2002 warrant scheme will end on 31 December 2007 .,1,neutral
"Pre-tax loss totaled EUR 0.3 mn , compared to a loss of EUR 2.2 mn in the first quarter of 2005 .",2,positive
He said things will be different when new Finnish nuclear power stations go into operation and the large hydro powered stations of northern Europe have a good year .,1,neutral
"ABN Amro Capital has agreed to sell its Helsinki-based designer homeware producer , Iittala Oyj , to crosstown consumer products group Fiskars Corp. , for EUR230 million to EUR235 million ( $ 310 million to $ 316 million ) .",1,neutral
"`` This is a significant milestone for Benefon , helping us to secure critical USP 's for our personal navigation product roadmap for 2007 and beyond , '' commented Simon Button , Chief Technology Officer at Benefon .",2,positive
"The decision of the French Court relates to the claims raised by twenty-one former Aspocomp S.A.S employees , the company said .",1,neutral
"Juha Jordan , chief engineer at Glaston , said one of the reasons for choosing Vacon as a global AC drives supplier is that it has service and support centres in the same countries where Glaston operates .",2,positive
The Department Store Division reported an increase in sales of 4 per cent .,2,positive
"Addus ' services include personal care and assistance with activities of daily living , skilled nursing and rehabilitative therapies , and adult day care .",1,neutral
The group 's 12-month operating profit grew 31 percent to 337.8 million euros .,2,positive
"The order comprises four ball mills , which will be organized in two different streams for treating ore in the Pilanesberg platinum mine .",1,neutral
"The new Kroksberg railway tunnel will be built on a new section of track between Harnosand and Veda , forming part of the line that follows the coast of the Gulf of Bothnia .",1,neutral
The share subscription period will expire on 30 September 2007 .,1,neutral
This corresponds to 6.81 percent of Okmetic 's share capital and voting rights .,1,neutral
"The record date for dividend distribution is March 14 , 2008 .",1,neutral
The company expects net sales to significantly increase from 2009 .,2,positive
HK Ruokatalo 's target is to know the consumers .,1,neutral
"Operating profit was EUR 11.4 mn , up from EUR 7.5 mn .",2,positive
TELE2 Affarsvarlden gave a `` buy '' recommendation on mobile operator Tele2 AB and a share price target of 142 crowns ( $ 23.54 - 15.19 euro ) .,2,positive
All Amer Sports companies develop and manufacture technically advanced products that improve the performance of active sports participants .,1,neutral
Finnish Okmetic that manufactures and processes silicon wafers for the semiconductor and sensor industries and Norwegian solar wafer company NorSun have signed a contract under which Okmetic will supply NorSun mono silicon crystals for use in solar cell manufacturing .,2,positive
"Konecranes Oyj KCR1V FH fell 5.5 percent to 20.51 euros , the biggest fall since June .",0,negative
"Below are consolidated , unaudited results for Amanda Capital under IFRS reporting standards .",1,neutral
"Furthermore , sales of new passenger cars and light commercial vehicles in the country declined by 5.4 % year-on-year last month .",0,negative
"Stora Enso said DeLight was suitable for a wide range of applications including food , cosmetics , home decoration and leisure products .",1,neutral
ArcelorMittal Chief Executive Officer Lakshmi Mittal has already cut output at some furnaces .,0,negative
"The contract incorporates a Convergent Charging rating solution for voice and data , which includes Internet , GPRS , SMS , MMS and WAP .",1,neutral
The value of the order is EUR 2.5 mn .,1,neutral
The dividends payable annually shall be deducted from the share subscription price .,1,neutral
"( ADP News ) - Sep 30 , 2008 - Finnish security and privacy software solutions developer Stonesoft Oyj said today that it won a USD 1.9 million ( EUR 1.3 m ) order to deliver its StoneGate network security products to an unnamed Russian te",2,positive
"Profit per share was EUR 1.03 , up from EUR 0.87 .",2,positive
"In the beginning of this year , Wartsila had secured an order to deliver four gas-fuelled main engines and propulsion machinery for the same vessel .",2,positive
"The platen edges in contact with the band are provided with a seal having a protrusion directed towards the middle area of the platen , and means are provided to exert and maintain a pressure in the volume defined by the platen , the band and the seal . ''",1,neutral
Exel wants to serve its industrial customers with individual products .,1,neutral
"Last month , Outokumpu sold more than 80 percent of its technology unit , Outokumpu Technology Oyj , to further its strategic goal of becoming the world 's largest stainless steel maker .",2,positive
`` I 'm not sure what 's happening .,1,neutral
Today the orange scissors are the iconic symbol of the excellent ergonomic design and superior quality associated with every product from Fiskars .,1,neutral
"UPM-Kymmene www.upm-kymmene.com produces magazine papers and newsprint , as well as fine and specialty papers , converting materials and wood products .",1,neutral
"In the third quarter of fiscal 2008 Efore swung to a net loss of EUR 400,000 versus a net profit of EUR 200,000 for the corresponding period of fiscal 2007 .",0,negative
"The portfolio comprises of 118,000 m2 of leasable space with a vacancy rate of roughly 5 % , let to around 140 tenants of which two of the largest are the Swedish government and Ericsson .",1,neutral
The interchange of Editors-in-Chief is a part of publisher 's goal to enhance job circulation in all personnel groups .,1,neutral
"Honkarakenne also decided yesterday to sell 88,500 of its B-series shares to key staff members for EUR 2.90 per share .",1,neutral
Negotiations with representatives of the personnel regarding the restructuring process have now been ended .,1,neutral
"New Chairman of the Board of Directors , Mr Chaim Katzman , will give a presentation and answer questions .",1,neutral
"The offer of some 30 million shares aimed to raise more than  x20ac 500 million US$ 640 million , was expected to be completed by Oct. 9 , Outokumpu said .",1,neutral
"In the sinter plant , limestone and coke breeze are mixed with the iron ore concentrate and sintered into lump form or sinter for use in the blast furnaces as a raw material for iron-making .",1,neutral
Benefon will turn the Salo unit into a B2B business unit and establish a B2C business unit in the UK .,1,neutral
"An acquisition of TeliaSonera would be France Telecom 's biggest since its 2000 purchase of Orange plc for  27.8 billion ( $ 55.1 billion ) and would create the world 's fourth-largest telecom company behind AT&T Inc. , Verizon Communications Inc. and NTT Corp. of Japan .",1,neutral
Kemira shares closed at (  x20ac ) 16.66 ( $ 22US .71 ) .,1,neutral
Operating profit excluding restructuring costs grew to EUR 44.5 million from EUR 31.7 million while operating profit including restructuring costs showed even larger growth to EUR 38.5 million from EUR 7.4 million .,2,positive
"Pretax profit totaled EUR 9.0 mn , down from EUR 36.3 mn in 2007 .",0,negative
"The corresponding increase in the share capital , in total EUR 300,00 was registered in the Finnish Trade Register on May 8 , 2008 .",1,neutral
"LEED is an internationally recognized green building certification system , developed by the U.S. Green Building Council .",1,neutral
Altia 's operating profit jumped to EUR 47 million from EUR 6.6 million .,2,positive
Also the development of online businesses will continue .,1,neutral
Customers include hotels and restaurants as well as wholesalers and some retailers .,1,neutral
Affecto expects its net sales for the whole 2010 to increase from the 2009 level when they reached EUR 103 million .,2,positive
"ALEXANDRIA , Va. , Oct. 15 -- Aaron Moss of Hampshire , Great Britain , has developed an ornamental design for a handset , the U.S. Patent & Trademark Office announced .",1,neutral
The acquisition will considerably increase Kemira 's sales and market position in the Russian metal industry coatings market .,2,positive
"Operating loss totalled EUR 0.9 mn , down from a profit of EUR 2.7 mn .",0,negative
"The store is located in Poznan in a shopping center named Pestka , the company added .",1,neutral
"ALEXANDRIA , Va. , Dec. 19 -- United States Patent no. 7,853,620 , issued on Dec. 14 , was assigned to Nokia Corp. ( Espoo , Finland ) .",1,neutral
The combined company had pro-forma net sales of 140 mln euro $ 188.9 mln and an operating profit of 13 mln euro $ 17.5 mln for 2006 .,1,neutral
"The center offers a comprehensive range of device design services spanning from electronics , mechanics and software design to a full range of testing laboratory services .",1,neutral
F-Secure Online Backup automatically protects all the content stored on a computer or smartphone by making a copy of the content to an online location .,1,neutral
"The airline was targeting travel agents , tour operators and travel management companies to raise awareness first before targeting consumers , he added .",1,neutral
The order also includes start-up and commissioning services .,1,neutral
The investment would be some EUR5m .,1,neutral
"The currency effect had a 3.0 pct , or 20 mln euro ( $ 31.3 mln ) , negative impact on the revenue .",0,negative
Kone shares dropped 4.1 percent to  x20ac 43 US$ 55.77 in Helsinki .,0,negative
Its 168 asset management experts manage assets worth over EUR 35 billion .,1,neutral
FCC Chairman Kevin Martin said that fair play required extending the same deregulatory rules to the digital subscriber lines that telecom providers use for broadband networks .,1,neutral
"The evidentiary hearing in the Investigation is scheduled for April 21 - May 1 , 2008 .",1,neutral
Operating profit rose from EUR 1.94 mn to EUR 2.45 mn .,2,positive
"Kesko has about 2,000 stores engaged in chain operations in the Nordic and Baltic countries , Russia , and Belarus .",1,neutral
` By separating side businesses we will be able to faster expand and develop Tapro retail network .,2,positive
"Danske Bank A-S DANSKE DC jumped 3.7 percent to 133.4 kroner , rebounding from yesterday s 3.5 percent slide .",2,positive
One of the headboxes will be equipped with a modern consistency control system to ensure cross machine profile of the plasterboard .,1,neutral
23 April 2010 - Finnish construction and engineering company Outotec Oyj HEL : OTE1V said today it slipped to a net loss of EUR7 .3 m in the first quarter of 2010 from a net profit of EUR12 .5 m in the corresponding period last year .,0,negative
Amanda Capital has investments in 22 private equity funds and in over 200 unquoted companies mainly in Europe .,1,neutral
"The disposal of Autotank will also strengthen Aspo 's capital structure , '' commented Gustav Nyberg , CEO of Aspo .",2,positive
"Cramo is a service company specialising in construction machinery and equipment rental and rental-related services , as well as the rental and sale of modular space .",1,neutral
4 ) Complete name of the shareholder : Otto Henrik Bernhard Nyberg 5 ) Further information : The amount of shares now transferred corresponds to 5.68 % of the total number of shares in Aspo Plc. .,1,neutral
"Teollisuuden Voima Oyj , the Finnish utility known as TVO , said it shortlisted Mitsubishi Heavy s EU-APWR model along with reactors from Areva , Toshiba Corp. , GE Hitachi Nuclear Energy and Korea Hydro & Nuclear Power Co. .",1,neutral
"OVA Press has a 60 % stake in the joint venture , while IMSM holds a 40 % stake .",1,neutral
"The Russian government will contribute 20 % of the necessary funds , he said .",1,neutral
"Pretax loss totalled EUR 49.9 mn , compared to a loss of EUR 15.4 mn in the corresponding period in 2008 .",0,negative
Operating income rose to EUR 696.4 mn from EUR 600.3 mn in 2009 .,2,positive
"Alpina Sports is a Lebanon , New Hampshire USA based distributor of e.g. Alpina ski shoes and skis , Exel ski poles , Start ski waxes and now also Peltonen cross-country skis .",1,neutral
"Finnair 's passenger load factor , which measures the number of sold seats as a share of all available seats , dropped by 1.3 percentage points to 76.7 % in September .",0,negative
"Operating profit totalled EUR 9.0 mn , down from EUR 9.7 mn in the first half of 2008 .",0,negative
"The Group 's business sectors are Building Construction , Infrastructure Construction , Technical Building Services , and Building Products .",1,neutral
Among the biggest Christmas sellers were a  35 satin bow shift dress styled on outfits worn by Victoria Beckham and a  75 Paris Hilton Prom dress .,1,neutral
Operating profit totaled EUR 17.7 mn compared to EUR 17.6 mn in the corresponding period in 2007 .,2,positive
"In August-October 2010 , the company 's result before taxes totalled EUR 9.6 mn , up from EUR 0.5 mn in the corresponding period in 2009 .",2,positive
Sales rose 10 pct to 566 mln eur on the back of strong volume and favourable currency effects .,2,positive
The per-share subscription price of the shares subscribed with the option rights was EUR 1.35 .,1,neutral
"`` However , the rapidly increasing costs and the strengthening of the euro were challenging for the whole industry , and they impacted on our results . ''",0,negative
Atria said its offer would give the Swedish company continued ownership and control of its slaughtering and cutting operations .,1,neutral
Earnings per share ( EPS ) dropped to EUR 0.21 from EUR 0.31 .,0,negative
The Oulu plant employs approximately 120 people .,1,neutral
`` I am extremely delighted with this project and the continuation of cooperation with Viking Line .,2,positive
"Russian export duties will activate harvesting in Finland , and sales in Russia will increase also .",2,positive
"Finnair PLC carried a record 8.8 million passengers in 2006 , an increase of 3.5 percent on the previous year , the Finnish national carrier reported Tuesday .",2,positive
"The firm 's UK head office is in Rugby Road , Lutterworth .",1,neutral
"LKAB , headquartered in Lulea , Sweden , is a high-tech mining company producing upgraded iron ore products for the steel industry .",1,neutral
"The steelmaker said that the drop in profit was explained by the continuing economic uncertainty , mixed with the current drought in bank lending , resulting in a decline in demand for its products as customers find it increasingly difficult to fund operations .",0,negative
Finnish aluminium products manufacturer Nordic Aluminium Plc ( OMX Helsinki : NOA1V ) reported on Monday ( 18 August ) an operating profit of EUR7 .9 m on net sales of EUR55 .2 m for the period January-June 2008 .,1,neutral
This organization will assume the responsibility for operations in Russia .,1,neutral
"The solution is demonstrated on a tablet developed by Aava Mobile as a multi-window system , which enables the use of several applications simultaneously , for example the viewing of messages and calendar side by side .",1,neutral
The name of the newspaper publishing and printing division Sanoma will be changed to Sanoma News .,1,neutral
"Under the deal , Know IT will pay SEK90m ( USD12 .8 m-EUR8 .6 m ) in cash and stock .",1,neutral
"Foodservice and consumer goods markets are served by approximately 13,000 people in 54 manufacturing units and several sales offices in 33 countries .",1,neutral
"Exel Composites ' long-term growth prospects remain favourable , however .",2,positive
The trucks feature an Eco Drive system - a fuel measuring tool which stores data particular to individual drivers .,1,neutral
"The Lemminkainen Group , headquartered in Helsinki , Finland , operates in all sectors of the construction industry : civil engineering , building contracting , technical building services and the building materials industry .",1,neutral
"Initial estimated total value of the contract was 250 000 Euros , excluding VAT .",1,neutral
Mr Jortikka is president of the base metal division of Outotec Oyj in Finland and is on the executive committee of Outotec .,1,neutral
"The start of the negotiations , relating to Glaston 's efficiency program , was announced in October .",1,neutral
The borrower was happy to do the roadshow and this paid off as the hit ratio from it was high .,2,positive
Return on equity stood at 18.3 % compared to 15.4 % in the third quarter of 2005 .,2,positive
The order is included in Metso 's fourth quarter 2007 order backlog .,1,neutral
"The authorisation is in force until the end of the next Annual General Meeting and repeals the authorisation to acquire own shares given by the General Meeting held on April 4 , 2007 .",1,neutral
The duration of the contract is 37 months .,1,neutral
Efore has decided to establish a company for eletric vehicle ( EV ) business in China .,1,neutral
"Finnish IT consultancy Satama Interactive Oyj said on November 13 , 2006 that Jarmo Lonnfors took up the position of CEO .",1,neutral
The exercise price of the option will be based on Safran Software Solutions ' license and maintenance sales as well as the result of the company .,1,neutral
`` Demand for sports equipment was good in 2005 .,2,positive
These savings will have full impact as of the beginning of 2007 .,1,neutral
Stora Enso 's third-quarter pre-tax profit doubled to EUR 197mn .,2,positive
"Most recently , he founded Virent Energy Systems , Inc. , an 80 person catalytic biofuels company , where , as president and CEO , he led the company through multiple financings , defined the company 's market strategy , and secured the company 's first customers .",1,neutral
Finnish OKO bank has signed a cooperation agreement with Raiffeisen concerning Finnish companies ' investments in Russia .,2,positive
"The cost of the deal could range from 70 million to 90 million euros depending on the financial results of the two companies in 2008 , the statement says .",1,neutral
"FinancialWire ( tm ) , in cooperation with the Investrend Broadcast Syndicate , also provides complete , daily conference call and webcast schedules as a service to shareholders and investors via the FirstAlert ( tm ) Networks oeFirstAlert ( tm ) Daily .",1,neutral
"Niina Nenonen , Marimekko 's current director for clothing , bags and accessories lines , will take up this role .",1,neutral
15 September 2010 - Finnish electrical components maker Salcomp Oyj ( HEL : SAL1V ) announced today the launch of its latest Twist charger platform .,1,neutral
The company confirmed its estimate for lower revenue for the whole 2009 than the year-ago EUR 93.9 million USD 137.3 m as given in the interim report on August 5 .,0,negative
"The dividend is payable on February 1 , 2010 to shareholders of record on January 19 , 2010 .",1,neutral
"The sale will be finalized in September or October , the company said .",1,neutral
"It comes complete with an LCD touch screen system for selection of your chosen function and prices start at around the pounds 4,805 mark .",1,neutral
The government has instead proposed an exchange of the state 's stake in LMT to TeliaSonera 's stake in Lattelecom .,1,neutral
"Via the agreement , Ramirent will expand the range of equipment and services it delivers to Destia , Ramirent Finland 's managing director Kari Aulasmaa , said .",2,positive
"The important thing now is to keep the bank 's existing 15,000 customers .",1,neutral
The new factory working model and reorganisations would decrease Nokian Tyres ' costs in the factory by EUR 30 million ( USD 38.7 m ) .,2,positive
"Net sales went up by 1 % year-on-year to EUR 29 million , affected by the business acquisitions , realized during the previous financial period , the effect of which was EUR 5.1 million on the review period .",2,positive
"Name of Applicant : Jot Automation OYName of Inventor : Mammila Tuomo , Piirainen Mika and Kellokoski MikaApplication No. : 2424-KOLNP-2008 ADate of filing of Application : 16-06-2008Publication Date : 30/01/2009",1,neutral
"`` Because we 're a pension insurance company , we 're required to diversify and not put too much in one asset class .",1,neutral
"Consolidated net sales increased 16 % to reach EUR74 .8 m , while operating profit amounted to EUR0 .9 m compared to a loss of EUR0 .7 m in the prior year period .",2,positive
"The most popular mobile data services are email , surfing the internet , as well as news and weather services .",1,neutral
"Operating profit decreased to nearly EUR 1.7 mn , however .",0,negative
"In the Baltic countries , sales fell by 42.6 % .",0,negative
"In a release on Oct. 28 , Peab said the two businesses will continue to be conducted under the brands Cliffton and Stockholm Entreprenad , both part of the Peab Group .",1,neutral
"Operators only need to learn how to use one device for multiple levels of applications , including voice-directed operations .",1,neutral
"However , sales volumes in the food industry are expected to remain at relatively good levels in Finland and in Scandinavia , Atria said .",2,positive
"- The Group -¦ s cumulative sales during the review period were EUR 48.2 million EUR 53.1 million , 1-9/2007 and profit before taxes was EUR 1.2 1.4 million .",1,neutral
Operating profit excluding non-recurring items was EUR 7.8 million compared to EUR 11.2 million .,0,negative
The company operates power plants in the Tyumen and Chelyabinsk regions and in the Khanty-Mansi Autonomous District .,1,neutral
"`` Soon after , the collisions started . ''",1,neutral
Ruukki 's order book at the end of 2010 was 30 % up year-on-year and 10 % up quarter-on-quarter .,2,positive
"Pretax profit rose to EUR 1,019 mn from EUR 1,007 in the corresponding period in 2005 .",2,positive
Sony Ericsson and Nokia dominated the list of best-selling handsets with five models each .,2,positive
Their names have not yet been released .,1,neutral
"However , Biohit estimates its total net sales will continue to grow in 2009 , and that favourable trends in net sales will lead to a profit in 2009 .",2,positive
"` The stable outlook reflects Nokia 's strong market position in the global mobile handset market , strong cash flow generation , and very conservative balance sheet , ' said Raab .",2,positive
"Finnish Food Workers ' Union SEL plans to hasten its collective bargaining with a two-day strike that would begin on 7 April 2010 , in Finland .",0,negative
"Our key geographical markets are Europe , Russian Federation , Middle-East , South-Africa and Japan .",1,neutral
"In January-September 2009 , the Group 's net interest income increased to EUR 112.4 mn from EUR 74.3 mn in January-September 2008 .",2,positive
"On top of that , the US Commerce Department published worse-than-expected construction spending figures for November .",0,negative
"Biohit Oyj develops , manufactures and markets liquid handling products and diagnostic test systems for use in research , healthcare and industrial laboratories .",1,neutral
"In Sweden , operating profit for the period under review totaled EUR 3.4 mn , up 30.8 % from the corresponding period in 2005 .",2,positive
"YIT lodged counter claims against Neste Oil totaling some EUR25m , primarily based on work carried out under the contract and additional costs incurred due to prolongation of the project .",0,negative
Sales have risen in other export markets .,2,positive
The terms and conditions of Stock Option Scheme 2004 are available on the Group 's website .,1,neutral
"Kalnapilio-Tauro Grupe ( Kalnapilis-Tauras Group ) , which is owned by Denmark 's Royal Unibrew , raised its market share to 25.2 percent from 23.91 percent , as beer sales for the nine months jumped by 11.4 percent to 52.99 million liters .",2,positive
"561,470 new shares under 2003 option rights plan Packaging company Huhtamaki Oyj reported on Monday that a total of 561,470 new shares of the company have been issued based on share subscriptions under its 2003 option rights plan .",1,neutral
"In December alone , the members of the Lithuanian Brewers ' Association sold a total of 20.3 million liters of beer , an increase of 1.9 percent from the sales of 19.92 million liters in December 2004 .",2,positive
No financial details were provided .,1,neutral
"Nordea Bank AB publ holds 6.000 Alma Media shares , representing 0.008 % of share capital and voting rights .",1,neutral
"The casing comprises a first side casing member provided with the first side vat segment and a second side casing member provided with the second side vat segment , at least the first side casing member being pivotable about a rotation axis .",1,neutral
Finnlines will announce in week 17 of 2006 what measures it will take to tackle the situation .,1,neutral
Pretax profit rose to EUR 0.6 mn from EUR 0.4 mn in the corresponding period in 2005 .,2,positive
18:30 Dinner The conference program can also be viewed as a live audio webcast through the internet pages at www.citycon.com .,1,neutral
The fair value of the company 's investment properties grew to EUR 2.803 billion at the end of March 2009 from EUR 2.691 million a year ago .,2,positive
"Elisa Corporation will disclose its financial statements for 2006 on Thursday , 8 February 2007 .",1,neutral
"In the Baltics , the merger of the businesses of the two is expected to be completed in early 2008 .",1,neutral
"+£lemiste City is the environment for a knowledge-based economy providing work for 3,300 people with the total turnover of its companies amounting to EEK 5.4 bn , '' said +£lo P+ñrnits , chairman of the supervisory board of +£lemiste City and Mainor .",1,neutral
Performance is based on values and sustainability .,1,neutral
"In the first nine months of 2010 , the company 's net loss narrowed to EUR 415,000 from EUR 7.4 million for the corresponding period of 2009 .",2,positive
"The order consists of outsourced application management , support and planning for Tecnotree and third-party applications .",1,neutral
11 August 2010 - Finnish measuring equipment maker Vaisala Oyj HEL : VAIAS said today that its net loss widened to EUR4 .8 m in the first half of 2010 from EUR2 .3 m in the corresponding period a year earlier .,0,negative
"In total , more than 3000 surveillance cameras will be handled and managed according to a variety of needs , the company said .",1,neutral
"The latest date for registration is on 4 April , 2006 .",1,neutral
The expanded plant is scheduled to be operational by the middle of October 2009 .,1,neutral
Basware Einvoices Oy will be merged into the parent company during the present fiscal period .,1,neutral
"In 2009 , Comptel slipped to a net loss of EUR2 .1 m from a profit of EUR6 .6 m in the previous year .",0,negative
"Turun kaupunkin , Finland based company has awarded contract to Lemminkainen Talotekniikka Oy for electrical installation work .",2,positive
"Following this increase Huhtamaki 's registered share capital is EUR360 .62 m and the number of shares outstanding is 106,063,320 .",1,neutral
"At the end of last week , Protalix BioTherapeutics Inc ( AMEX : PLX ) published a prospectus for a first offering on AMEX of about 5 % of its share capital .",1,neutral
The total capital of funds managed by the bank decreased by 28 % to EUR 284mn by the end of September 2008 .,0,negative
"Finnish Konecranes is again trying to acquire Italian Fantuzzi , a manufacturer of gantry cranes and reach stackers .",1,neutral
"It now owns 80,565 shares in Amer Sports Corporation , equaling 0.11 % of the company 's share capital and voting rights .",1,neutral
The Notice in its entirety with other proposals from the Nomination Committee and the Board will be published at least four weeks before 28 April on the company 's website and in Post - och Inrikes Tidningar and Dagens Industri .,1,neutral
Cash Flow from Operations for the most recent quarter also reached a eight year low .,0,negative
"( ADP News ) - Feb 9 , 2009 - Finnish computer services company Proha Oyj ( HEL : ART1V ) said today its net loss narrowed to EUR 113,000 ( USD 146,000 ) for 2008 from EUR 1.2 million for 2007 .",2,positive
Radiation and today is a full service house expert in radiation and nuclear safety issues .,1,neutral
Uponor maintains its full-year guidance for 2010 .,1,neutral
The company did not distribute a dividend in 2005 .,1,neutral
"This location makes the mall a convenient place to shop for consumers from three large residential areas nearby : Jaroszowka , Wysockiego and Zgody .",2,positive
"Based in Helsinki , Finland , Ramirent has branches in 13 Nordic , central and Eastern European countries .",1,neutral
The indexes include the top companies that are committed to sustainable development .,1,neutral
The properties were purchased from Swedish private equity real estate firm Niam and Goldman Sachs ' Whitehall Street Real Estate Funds .,1,neutral
Prices and delivery volumes of broadband products decreased significantly in 2005 .,0,negative
"Operating profit for the nine-month period increased from EUR13 .6 m , while net sales increased from EUR394 .7 m , as compared to the corresponding period in 2005 .",2,positive
"Commission income increased by 22 % to EUR 4.4 mn , and lending volume rose by 13.5 % .",2,positive
GenVec is a biopharmaceutical company developing novel therapeutic drugs and vaccines .,1,neutral
The company had hoped the new plant would be on stream by the end of 2008 .,1,neutral
( I&H ) in a move to enhance growth .,2,positive
Operating profit rose to EUR 3.11 mn from EUR 1.22 mn in the corresponding period in 2009 .,2,positive
Operating profit improved by 44.0 % to ER 4.7 mn from EUR 3.3 mn in 2004 .,2,positive
"The divested company is part of TietoEnator 's business area Government , Manufacturing & Retail .",1,neutral
"Turnover surged to EUR61 .8 m from EUR47 .6 m due to increasing service demand , especially in the third quarter , and the overall growth of its business .",2,positive
Scanfil plc is a global contract manufacturer and systems supplier for communication and industrial electronics .,1,neutral
Cargo volume grew by 7 % .,2,positive
"In July-September 2008 , YIT 's net sales increased to EUR 970.8 mn , compared to EUR 906.8 mn in the corresponding period in 2007 .",2,positive
The maximum number of new shares to be offered is 22 million .,1,neutral
"Operating profit fell to EUR 35.4 mn from EUR 68.8 mn in 2007 , including vessel sales gain of EUR 12.3 mn .",0,negative
"The Internal Revenue Service sees about 20 percent of all taxpayers wait until the last two weeks to file , with about 40 million returns filed in April .",1,neutral
"Finland 's leading metals group Outokumpu said its fourth-quarter net profit more than tripled on the back of strong global demand for stainless steel , soaring base metal prices and proceeds from the sale of its technology unit .",2,positive
Operating profit rose to EUR 13.1 mn from EUR 8.7 mn in the corresponding period in 2007 representing 7.7 % of net sales .,2,positive
"The company said that its investments in the new market areas resulted in sales increase in Sweden , Poland , Russia and Lithuania .",2,positive
"The figure includes the change in the fair value of the property portfolio , EUR 26.2 million .",1,neutral
"The period 's sales dropped to EUR30 .6 m from EUR38 .3 m , according to the interim report , released today .",0,negative
Bertrand Sciard has been the vice chairman of the board of directors of Aldata Solution since April 2007 .,1,neutral
"Boomeranger Boats Oy specialises in boat building and designs , manufactures and sells customised Rigid Inflatable Boats RIB primarily for the Baltic Sea market .",1,neutral
"Operating profit totaled EUR 9.4 mn , down from EUR 11.7 mn in 2004 .",0,negative
"Ethanol would be made from barley , and production could start in 2008 .",1,neutral
The transaction value is CAD 15 million approximately EUR 10 million .,1,neutral
Finnish Vacon has signed significant deals with Norwegian Scandinavian Electric Systems ( SES ) on the supply of AC drives .,2,positive
"In the Czech Republic , the smaller profiling unit at Ostrava will be closed and the machinery will be gradually relocated to Ruukki 's bigger plants in Hungary , Poland and Romania by the end of the first quarter of 2009 .",1,neutral
"If needed , she provides also further information on ferry connections and hotels .",1,neutral
"In Penttil+ñ 's vision , the most important reason for the transaction is Russia .",1,neutral
"According to Nordic financial group Nordea 's analyst Sami Sarkamies , this makes Nokia 's portfolio competitive again .",2,positive
"Pretax profit totalled EUR 80.8 mn , compared to a loss of EUR 13.1 mn in the corresponding period in 2009 .",2,positive
"Typically , the transmission power level can be decreased when the interference noise is above a predefined value .",1,neutral
The total capacity of the factory will be approximately 100 engines a year .,1,neutral
The stock rose for a second day on Wednesday bringing its two-day rise to GBX12 .0 or 2.0 % .,2,positive
"According to Sweden 's Minister for Local Government and Financial Markets , Mats Odell , the decision to sell the State 's shares in telecom group TeliaSonera can only be carried out in cooperation with the State of Finland .",1,neutral
"In a letter to Economic Affairs Minister , the listed Estonian shipping company Tallink asks for the approval to be entitled to a 15 % cut in port fees in 2010 .",1,neutral
The annual net sales of the unit is some EUR 5 million and it currently employs some 55 people .,1,neutral
"Uponor made an operating profit of EUR 151.0 mn , up from EUR 143.7 mn , which made 2007 a record year .",2,positive
LONDON AFX - Fortum said it has agreed to sell its industrial maintenance service operations to funds managed by CapMan for an undisclosed sum .,1,neutral
"The contract includes software licences , application maintenance and training .",1,neutral
"Published by Globes online , Israel business news - www.globes-online.com - on November 16 , 2009 -® Copyright of Globes Publisher Itonut 1983 Ltd. 2009",1,neutral
Net sales have been eaten by the weak US dollar .,0,negative
"Den Bosch-based TomTom is Europe 's largest maker of automotive navigation devices , while Cayman Islands-based Garmin is larger in the U.S. and overall .",1,neutral
"Earnings per share ( EPS ) for the first quarter 2007 amounted to EUR0 .07 , up from EUR0 .04 .",2,positive
"It generated an operating loss of EUR 96.3 mn , down from a profit of EUR 43.9 mn .",0,negative
"Therefore , the company 's 2005 result will remain weaker than that of 2004 .",0,negative
"Fiskars R , founded in 1649 , is one of the oldest companies in the world and is the largest manufacturer of lightweight stainless steel scissors in the U.S. .",1,neutral
"According to preliminary data from Slovakia 's Statistics Office , goods worth E36 .4 million were imported from Finland between January and October 2010 , making up 0.1 percent of Slovakia 's total imports .",1,neutral
"( ADPnews ) - Dec 1 , 2009 - Finnish cutlery and hand tools maker Fiskars Oyj Abp ( HEL : FISAS ) said today that it will make redundant a total of 18 office and management staff members of its subsidiary Iittala Group Ltd. .",0,negative
"Risto Raty , Tekla 's executive vice president , said that Tekla Structures and ArchiCAD will cover the entire design and documentation workflow throughout a construction project .",1,neutral
"The major part of the deliveries include different AC and CXE amplifier solutions and products by DINH Telecom , a company acquired by Teleste last spring .",1,neutral
The transactions would increase earnings per share in the first quarter by some EUR0 .28 .,2,positive
Cash flow from operating activities is estimated to be positive .,2,positive
Net profit fell by almost half to +é 5.5 million from +é 9.4 million at the end of 2007 .,0,negative
"The customer is then forwarded to the site , and unknown to him logged in with the first number .",1,neutral
The company had net sales of EUR 19.8 mn and a pre-tax profit of EUR 1.8 mn in 2005 .,1,neutral
"In January , traffic , measured in revenue passenger kilometres RPK , went up by 3.2 % and capacity , measured in available seat kilometres ASK , rose by 12.2 % .",2,positive
Chief executive officer Olli-Pekka Kallasvuo 's changes on Tuesday mark the third time in nine months the company has reshuffled executives and operations as Nokia loses ground to Apple 's iPhone and RIM 's BlackBerry .,0,negative
The net sales of Healthcare Trade business in 2009 were EUR 145.1 million EUR 155.2 million and operating profit EUR 8.9 million EUR 7.9 million .,1,neutral
"Earnings per share ( EPS ) amounted to EUR1 .37 , down from EUR2 .30 .",0,negative
"The effect may remain short-lived , however .",1,neutral
"Finnish telecoms software developer Tecnomen Oyj said on December 5 , 2006 it won a $ 3.3 mln ( 2.5 mln euro ) order to supply an expansion of the charging and messaging systems for the mobile and fixed networks of Brasil Telecom .",2,positive
The deliveries are scheduled for the summer and autumn of 2008 .,1,neutral
The combined value of the orders is EUR 45mn .,1,neutral
"The fair value of the property portfolio doubled as a result of the Kapiteeli acquisition and totalled EUR 2,686.2 1,259.7 million .",2,positive
RL-Nordic is a part of Raiffeisen-Banking-Group Austria and is a subsidiary to Raiffeisen-Leasing GmbH in Austria .,1,neutral
"Simmons Elected DCUC Chairman PORTSMOUTH , N.H.-Gordon A. Simmons , CEO of Service Credit Union , has been elected chairman of the Defense Credit Union Council for the 2007-2008 term .",1,neutral
"CapMan said the deal 's effect on its cash flow for 2009 totals EUR3 .4 m , but the transaction would not affect its financial results for 2009 as it was executed at fair value .",1,neutral
"Profitability ( EBIT % ) was 13.9 % , compared to 13.1 % in the previous-year period .",2,positive
The groups 's turnover for the full fiscal year is expected to show a slight increase from the previous fiscal year .,2,positive
Finnish electronics manufacturer PKC Group Oyj ( OMX Helsinki : PKC1V ) said on Wednesday ( 31 December ) that it has completed the acquisition of MAN Nutzfahrzeuge AG 's cable harness business from MAN Star Trucks & Buses Spolka zoo in Poland .,2,positive
"As part of the agreement , Aspocomp will also give Meadville a 10 pct slice of a subsidiary operating in Oulu , Finland .",1,neutral
The changes in readership were not significant .,1,neutral
"The order includes a log handling line , peeling line and drying line for the production of parquet base layer veneer for Plyfa 's Hassela mill , central Sweden .",1,neutral
"The most important export markets are Norway , Germany , Russia and France .",1,neutral
Deliveries by Outotec will take place over 30 months .,1,neutral
Choose from a Giant Countdown with red head or rainbow trout -- or the Giant Shad Rap in perch color .,1,neutral
"Finnish IT solutions provider Affecto Oyj HEL : AFE1V said today its slipped to a net loss of EUR 115,000 USD 152,000 in the second quarter of 2010 from a profit of EUR 845,000 in the corresponding period a year earlier .",0,negative
Finnish retail software developer Aldata Solution Oyj reported a net loss of 11.7 mln euro $ 17.2 mln for 2007 versus a net profit of 2.5 mln euro $ 3.7 mln for 2006 .,0,negative
"The contract includes design , construction , delivery of equipment , installation and commissioning .",1,neutral
The transaction is planned to be financed with a EUR40m market-based loan granted by Standard Chartered Bank Hong Kong .,1,neutral
Operating profit for continuing operations fell to EUR 48.3 mn from EUR 72.4 mn in the first half of 2007 .,0,negative
"Alma Media Corporation PRESS RELEASE March 25 , 2010 TYRV+ä+äN SANOMAT PURCHASE CONFIRMED The business operations of Tyrv+ñ+ñn Sanomat Oy will be transferred to Suomen Paikallissanomat Oy .",1,neutral
"The equipment will be made at Vaahto 's plant in Hollola in Finland , and delivery is scheduled for the first quarter of 2009 .",1,neutral
The value of the order is USD 2.2 mn .,1,neutral
"`` Of course , we are in talks with all those coming up with new projects that involve material handling , '' Konecranes President and CEO Pekka Lundmark said , when asked whether it was talking to Reliance Industries for supplying equipment to its upcoming refinery in Jamnagar .",1,neutral
"After the sale , Outokumpu 's share of the technology unit will be reduced to some 12-20 percent .",1,neutral
"The acquired plant has an annual capacity of some 300,000 tonnes and most of its production is sold to domestic customers .",1,neutral
ABN : 59 087 901 620 now represent 5.10 % of the voting rights and share capital of Citycon Oyj .,1,neutral
The company also said that its board of directors has proposed a profit distribution of EUR0 .92 per share .,1,neutral
The company has some 410 employees and an annual turnover of EUR65 .4 m. Vaahto Group is listed on the Nordic Exchange in Helsinki .,1,neutral
"The Samsung Mobile Applications Store was launched in January 2009 by Samsung Mobile Innovator , a program which enables mobile software developers to create applications for use across Samsung mobile devices .",1,neutral
Operating profit excluding non-recurring items totaled EUR 5.4 mn compared to EUR 5.5 mn in the corresponding period in 2007 .,0,negative
What would you like to see changed on Nokia 's next attempt ?,1,neutral
"The Annual General Meeting approved a dividend of EUR 0.10 per share , that is , a total of EUR 7,8 million .",1,neutral
The fair value of investment properties was EUR 2 251.0 ( 1 281.4 ) million .,1,neutral
- Net sales for the period are expected to fall well below that of last year and the result after non-recurring items is expected to be in the red .,0,negative
"The contract also includes cutting and edging wagon parts at Ruukki 's steel service centres in Seinajoki and Raahe , from where they will be delivered to VR for welding and assembly .",1,neutral
"Arvo Vuorenmaa , the Loviisa plant 's general manager said the application for the new licence was a `` standard '' procedure and that he was `` quite confident '' about approval being granted .",2,positive
"In addition to verification of an identity and digital signatures , new state-approved Mobile ID enables to cast votes in elections as well .",1,neutral
"The company reported net sales of EUR550m in 2005 and had some 3,200 employees .",1,neutral
The Finnish group anticipates a sales gain of EUR42m after tax and expenses .,2,positive
Pretax profit decreased to EUR 33.8 mn from EUR 40.8 mn in the fourth quarter of 2005 .,0,negative
"Rory Fitzgerald , general manager , operations , Bristol Port , said : `` With the use of low maintenance technology we can save up to 30 per cent on servicing , plus the load sensing hydraulics can save us an extra 15 to 30 per cent on fuel consumption . ''",2,positive
"The natural source of isoprene is the tree species Hevea brasiliensis , also known as the rubber tree .",1,neutral
"Most of the raw materials come from Europe and the US and are paid in euros or US dollars , while sales take place in rubles .",1,neutral
"Metso Foundries Jyvaskyla Oy will discontinue production on this line by 30 September 2008 , the company said .",1,neutral
It is a disappointment to see the plan folded .,0,negative
"HELSINKI ( AFX ) - Nokian Tyres reported a fourth quarter pretax profit of 61.5 mln eur , up from 48.6 mln on the back of strong sales .",2,positive
The acquisition of Kaupthing Sverige will bring a significant positive non-recurring addition to the group 's performance .,2,positive
COMPTEL CORPORATION Sami Ervio President and CEO Distribution : NASDAQ OMX Helsinki Major media Comptel Dynamic OSS solutions enable telecom service providers to deliver services flexibly and charge them effectively .,1,neutral
"Profit before taxes decreased by 9 % to EUR 187.8 mn in the first nine months of 2008 , compared to EUR 207.1 mn a year earlier .",0,negative
Incap Contract Manufacturing is a subsidiary of Incap Corporation of Finland .,1,neutral
"ALEXANDRIA , Va. , June 7 -- Michael G. Williams of Newbury Park , Calif. , has developed a network device .",1,neutral
The amending of the proposal simplifies the proposed plan and increases the incentive for key employees to stay in the Company .,2,positive
These restrictions do not apply to statutory dividends .,1,neutral
Demand was brisk as expected and order levels have remained high .,2,positive
`` Our approach is very much to only use raw materials that are produced in line with the principles of sustainable development .,1,neutral
"Tyrvaan Sanomat , published twice a week by Tyrvaan Sanomat Oy , appears in Sastamala and Kiikoinen .",1,neutral
"Elite Residence Tower , a new development by Tameer , is located at the heart of Dubai Marina .",1,neutral
The manufacturing will begin in Pietarsaari in the beginning of the year 2009 and the delivery will take place in October 2009 .,1,neutral
The company expects net sales of 65 mln euro ( $ 85.1 mln ) for 2006 .,1,neutral
"EPS for the quarter came in at 0.36 eur , up from 0.33 eur a year ago and ahead of forecast of 0.33 eur .",2,positive
"In January-September 2007 , the group 's net sales from continuing operations rose to EUR 213.1 mn from EUR 172.6 mn in the corresponding period in 2006 .",2,positive
Finnish metal products company Componenta Oyj net profit went slightly down to 25.1 mln euro ( $ 40.2 mln ) for the first half of 2008 from 25.4 mln euro ( $ 40.7 mln ) for the same period of 2007 .,0,negative
"The agreement will provide The Switch with double the converter capacity , whilst opening up further manufacturing locations in China .",2,positive
"Thanks to the multiplying effect of wagon performance , transport will be much more efficient , '' says development manager Juha Malkia from VR Cargo .",2,positive
"Known as Post Bank , the concept would see Fidelity Bank rolling out 75 offices in Ghana Post premises , to provide financial services to the people .",2,positive
"Fortum expects its annual capital expenditure in the next four to five years to be within a range of EUR 0.8-1 .2 billion , as earlier announced .",1,neutral
"Finnish Cargotec 's Kalmar , the business area providing container handling solutions , has been awarded an order for a further ten E-One rubber-tyred gantry RTG cranes from Saigon Newport Company SNP , in Vietnam .",2,positive
Return on investment was 16.6 % compared to 15.8 % in 2004 .,2,positive
"`` We have tailored our solutions to meet Solel 's technical requirements , and the result is both cost-effective manufacturing and highest-quality reflectors . ''",2,positive
It posted a turnover of 4.5 mln euro $ 6.1 mln and an operating profit of 1.5 mln euro $ 2.0 mln for 2006 .,1,neutral
"Moreover , Konecranes and Kito intend to transfer the hoist distribution business of Konecranes ' Japanese joint venture MHS Konecranes to Kito .",1,neutral
A filter is used to pre-process packets to determine if they need to be further processed by the processor of the network device .,1,neutral
"During the past 10 years the factory has produced many of Nokia 's most popular models including the Nokia 2760 , the Nokia 6300 as well as Nokia 's latest music device the Nokia 5800 Express Music .",1,neutral
News Corp. 's MySpace.com Web site will display submissions for the expanded Broadband Emmy Awards as part of an effort to identify aspiring video artists .,1,neutral
"The scope of the project is to find the most cost-efficient method for phosphorous removal and to deliver the storing and dosing equipment , which can be used in continuous operation at the plants .",1,neutral
"The Group 's turnover in 2006 was EUR 39.2 million , and operating profit was EUR 3.9 million .",1,neutral
The company has 120 employees and annual sales of approximately EUR16m .,1,neutral
"The segments through which the company operates are Frozen Food business , Seafoods , Vegetable Oil business , Grain Trading and Other business operations .",1,neutral
"LLC , a voice and data management solution provider to wireless companies with operations worldwide , will be transferring its U.S. deployment operations to the Finnish mobile giant , which includes civil works and site acquisition services .",1,neutral
These six agreements are the company 's first customer acquisitions in India since taking over TVS Electronics ' contract manufacturing facility in Jun 2007 .,1,neutral
The company expects meat purchases to remain at about 8mn kilos in 2011 .,1,neutral
"Net income from life insurance doubled to EUR 6.8 mn from EUR 3.2 mn , and net income from non-life insurance rose to EUR 5.2 mn from EUR 1.5 mn in the corresponding period in 2009 .",2,positive
"EBITDA for the year 2009 improved to EUR484m , as compared with EUR472m in 2008 .",2,positive
This will bring cost savings of about EUR 3mn a year .,2,positive
This is the company 's first contract abroad .,1,neutral
The value of the deal has not been disclosed .,1,neutral
CORPORATE IT UPDATE - ( C ) 1995-2009 M2 COMMUNICATIONS LTD Finnish technology group Teleste Corporation ( OMX Helsinki : TLT1V ) reported on Wednesday ( 4 February ) an operating profit of EUR5 .6 m on net sales of EUR108 .7 m for the year 2008 .,1,neutral
The investments and operational changes enable additional optimisation of the working hours and thereby further cost savings of some 7 % -9 % .,2,positive
"Componenta has production lines for similar-sized products at Karkkila in Finland , at Weert in the Netherlands and at Orhangazi in Turkey , and these had a combined output of approximately 100,000 tonnes and net sales of EUR 135 million in 2007 .",1,neutral
"The process , technology , project management , basic engineering and quality assurance within Forest Industry will be consolidated in Vantaa , southern Finland .",1,neutral
Aspokem posted an operating profit of 2.7 mln euro ( $ 3.5 mln ) and net sales of 89.1 mln euro ( $ 116.8 mln ) in 2006 .,1,neutral
"The remainder of its revenues will come from technology agreements with other firms , InterDigital said .",1,neutral
The building will house product development and test laboratories .,1,neutral
The repurchase of the bonds was executed in the open market in accordance with section 7 f of the terms and conditions of the Convertible Bonds .,1,neutral
The event can be followed on-line via Orion 's Finnish homepage at www.orion.fi as well as via the Kauppalehti Live web service at www.kauppalehti.fi/live .,1,neutral
Aspo serves demanding business-to-business customers .,1,neutral
Production at the plant will be based on Neste Oil 's proprietary technology that can use a flexible input of any vegetable oil or animal fat .,1,neutral
CF2 Pty Ltd became a substantial holder in Renison Consolidated Mines NL on January 25 with 150 million shares ( 7.9 pc ) .,1,neutral
Analysts surveyed by Thomson Financial expected revenue of $ 69 million for the quarter .,1,neutral
"Operating profit of operations in Finland in the period under review totaled EUR 11.3 mn , remaining at the 2005 level .",1,neutral
"The contract also includes cutting and edging wagon parts at Ruukki 's steel service centres in Seinajoki and Raahe , both in southwestern Finland , from where they will be delivered to VR for welding and assembly .",1,neutral
"The objective is that trading in the shares will commence on May 2 , 2007 .",1,neutral
"Stora Enso has also had meetings with the labor authorities , Employment and Economic Development Centres and representatives of the government in order to find solutions .",1,neutral
Nordea 's chairman of the board Hans Dalborg has informed the nomination committee that he will not be up for re-election at the Annual General Meeting in 2011 .,1,neutral
Commission income fell to EUR 4.6 mn from EUR 5.1 mn in the corresponding period in 2007 .,0,negative
"Product coverage : baked goods ; biscuits ; breakfast cereals Data coverage : market sizes historic and forecasts , company shares , brand shares and distribution data .",1,neutral
"However , the growth margin slowed down due to the financial crisis .",0,negative
"Nokia said it still expects to sell 150 more million Symbian devices in years to come , giving an indication of how it expects the Phone 7 handoff to work .",1,neutral
Vacon recently announced plans to build its North American headquarters at 5 Business Park in Chambersburg .,1,neutral
"The port operator , however , favors retaining the port fees in 2010 , citing the owner , the governemtn of Estonia , commiting the port to pay EEK 400mn ( EUR 25.56 mn USD 36.44 mn ) in dividends to the state in 2009 and another EEK 300mn in 2010 .",1,neutral
15 December 2010 - Finnish-German telecoms equipment maker Nokia Siemens Networks said today it won a contract to upgrade the radio network of home-based telecommunications company Elisa Oyj HEL : ELI1V .,2,positive
"The Web-Marela application handles invitations to quote , quote comparisons , agreements , purchases , invoice inspections , inventory management , and deliveries .",1,neutral
Technopolis has approximately 130 customer companies in Jyvaskyla .,1,neutral
The aim is to develop open-source application solutions .,1,neutral
The solution will now be expanded to include all ground staff tasks .,1,neutral
Bluewin Security is available as a monthly subscription .,1,neutral
Alma Media 's net sales in 2009 totalled MEUR 307.8 with an operating margin of 13.5 per cent .,1,neutral
"The buyer is real estate owner Propertos Oy , but the companies have agreed not to disclose financial details of the deal .",1,neutral
"The product range includes marinated olives , cold cuts , and pates , for example .",1,neutral
"in Q1 '10 19 April 2010 - Finnish forest machinery and equipment maker Ponsse Oyj HEL : PON1V said today that it expects to swing to a net profit of some EUR6 .3 m in the first quarter of 2010 , from an EUR9 .6 m loss a year earlier .",2,positive
"The purchase price will be paid in cash upon the closure of the transaction , scheduled for April 1 , 2009 .",1,neutral
Finnish forest machinery manufacturer Ponsse has issued a profit warning .,0,negative
The company also said that it will sell approximately 150 hectares of land to the city of Valkeakoski by the end of the year a part of its `` From job to job '' program .,1,neutral
hu will offer a further discount of between 25 % and 50 % on selected books .,1,neutral
"Operating result for the 12-month period decreased from the profit of EUR0 .4 m while turnover decreased from EUR5 .6 m , as compared to 2004 .",0,negative
"At this stage , a maximum of 60,000 Tulikivi Series A shares will be acquired , representing about 0.16 per cent of the company -¦ s shares outstanding .",1,neutral
The combined value of the planned investments is about EUR 30mn .,1,neutral
"The recovery of demand that started toward the end of 2009 , continued in January-March 2010 .",2,positive
"Amer , which bought Salomon from adidas in October , said the job cuts are aimed at boosting competitiveness .",1,neutral
"The Apple Inc. iPhone wo n't change the game plan for Verizon Communications Inc. , Chief Executive Ivan Seidenberg said Wednesday .",1,neutral
"Of the company 's net sales , 38 % was acquired in Finland , 21 % in other European countries , 40 % in Asia , and 1 % in the US .",1,neutral
"Employees are also better prepared to answer calls , since they already have detailed information about the caller before they answer the phone . ''",2,positive
"Operating profit of Kauppalehti group rose to EUR 1.5 mn from EUR 1.3 mn , and that of Marketplaces to EUR 1.3 mn from EUR 1.0 mn in the third quarter of 2006 .",2,positive
"According to Finnish Aktia Bank 's Managing Director Jussi Laitinen , the bank 's aim is to triple the number of its customers in Finland in the next five years .",2,positive
"In April-June 2008 , Scanfil 's net sales totalled EUR 58.7 mn and operating profit EUR 6.6 mn .",1,neutral
"Operating profit excluding non-recurring items amounted to EUR 40.6 mn , down from EUR 57.3 mn year-on-year .",0,negative
"The Estonian electronic components factory , Elcoteq , is running out of material because of the closure of air traffic .",0,negative
"ADP News - Nov 6 , 2008 - Finnish retail software developer Aldata Solution Oyj OMX : ALD1V said today that it swung to a net profit of EUR 2.1 million USD 2.7 m for the first nine months of 2008 versus a net loss of EU",2,positive
Diluted earnings per share ( EPS ) stood at EUR 0.25 versus EUR 0.42 .,0,negative
"As capacity was cut with 1.4 % , the passenger load factor was down 7.8 percentage points .",0,negative
"The Tekla Structures product box , if needed , is now made from recycled material .",1,neutral
The company 's board of directors would propose a dividend of EUR0 .15 per share for 2005 .,1,neutral
"The total investment in the company will be EUR58m , of which Wartsila 's share will be EUR29m .",1,neutral
Finnish Rautaruukki 's engineering division Ruukki Engineering will re-organise its operations in the Mo i Rana plant in Norway .,1,neutral
"`` The new structure provides better communication , faster decision-making and cost savings , '' Proha said .",2,positive
"Lule+Ñ municipality has awarded YIT a 2-year contract , for property management of about one third of the municipality 's properties , with a total area of 140,000 sq. metres .",2,positive
"Our in-depth expertise extends to the fields of energy , industry , urban & mobility and water & environment .",1,neutral
"In 2007 , the Group 's net sales stood at EUR 22 million and it had about 150 employees at the end of June , 2008 .",1,neutral
"Comparable operating profit for the quarter decreased from EUR510m while sales increased from EUR860m , as compared to the third quarter 2007 .",0,negative
The company may at any time have in its possession one tenth of all its shares at the maximum .,1,neutral
"The Annual Report will be sent automatically to shareholders holding at least 2,000 Sampo plc shares .",1,neutral
"( ADP News ) - Feb 4 , 2009 - Finnish broadband data communication systems and solutions company Teleste Oyj ( HEL : TLT1V ) said today its net profit decreased to EUR 5.5 million ( USD 7.2 m ) for 2008 from EUR 9.4 million for 200",0,negative
"Vehvilainen , who is currently the chief operating officer at Nokia Siemens Networks , will join Finnair on 5 January 2010 and take over as CEO effective 1 February 2010 .",1,neutral
"Profit after taxes was EUR 0.1 mn , compared to EUR -0.4 mn the previous year .",2,positive
"The mill 's raw material need will increase by 100,000 m3 of wood .",1,neutral
The new shares entitle their holders to dividends for fiscal 2006 .,1,neutral
Okmetic revised its 2010 financial outlook based on its order book .,1,neutral
Pharmaceuticals - Netherlands This brand-new market analysis gives a clear overview of the actual situation and future outlook of the pharmaceutical market in Netherlands .,1,neutral
A huge issue for us is the button placement .,1,neutral
"The unit 's clients are mainly in the field of specialist convenience goods , as well as in the textile , shoe and furniture businesses .",1,neutral
"Cencorp 's net sales in the first quarter is estimated to be EUR0.9-1 .2 m , as compared to EUR4 .5 m in the first quarter 2008 .",0,negative
"( ADP News ) - Oct 1 , 2008 - Finnish consulting and engineering company Poyry Oyj ( OMX : POY1V ) said today it was awarded a EUR 5.2 million ( USD 7.4 m ) extension to their existing consultancy engineering contract with Venezuel",2,positive
"Tecnomen 's system features a new range of value-added services for prepaid and post-paid billing , charging and rating of voice calls , data traffic , or any kind of content services in both mobile and fixed networks .",1,neutral
"The earnings per share for the quarter came in at 0.25 eur , up from the 0.20 eur of the same quarter a year earlier .",2,positive
"Under the plan , which CSES worked out together with Public Policy Management Institute ( PPMI ) and other partners , buildings with a total area of 10,000 square meters should be built on the territory in the first phase .",1,neutral
"Thus the group 's balance sheet will have about EUR25 .8 m in goodwill for 2010 , the company added .",1,neutral
"This one was at one time targeted for June 5 , but if we had to guess , it 's been pushed back -- maybe we 're crazy , but we feel like it has n't leaked enough to meet that date at this point .",1,neutral
"The reason for this is St. Petersburg status as a capital , one of the participants in the meeting quoted Chikunov as saying .",1,neutral
"Quarterly diluted EPS on continuing operations came in at 0.21 eur , compared with last year 's 0.12 eur .",2,positive
Earnings per share EPS in 2005 decreased to EUR0 .66 from EUR1 .15 in 2004 .,0,negative
The enterprise value of Maritim Food AS has been determined as approximately EUR15m .,1,neutral
"Finland 's national carrier Finnair PLC carried a record 8.5 million passengers in 2005 , an increase of 4.5 percent on the previous year , the airline reported Tuesday .",2,positive
A meeting of Glisten shareholders to vote on the bid will be held on 12 March .,1,neutral
"According to HKScan Finland , the plan is to increase J+ñrvi-Suomen Portti 's net sales to EUR 80mn to EUR 100mn .",2,positive
"HUHTAMAKI OYJ STOCK EXCHANGE RELEASE , 16.9.2008 AT 13.32 Huhtamaki 's Capital Markets Day for institutional investors and analysts is held in Espoo , September 16 , 2008 starting at 13.30 pm Finnish time .",1,neutral
With the new production plant the company would increase its capacity to meet the expected increase in demand and would improve the use of raw materials and therefore increase the production profitability .,2,positive
The sale price was not disclosed .,1,neutral
"Sanoma Learning & Literature , offering print and digital learning materials , is present in eleven countries .",1,neutral
"S Group 's loyal customer magazine Yhteishyv+ñ came second with 1,629,000 readers and Sanoma Corporation 's daily newspaper Helsingin Sanomat was third with 1,097,000 readers .",1,neutral
"Finnish metal products company Componenta Oyj ( HEL : CTH1V ) said today its net loss narrowed to EUR 500,000 ( USD 680,000 ) in the last quarter of 2010 from EUR 5.3 million for the same period a year earlier .",2,positive
"According to Viking Line 's Managing Director , Nils-Erik Eklund , the company 's Board of Directors is very satisfied with Viking Line 's performance .",2,positive
The deal will have no significant effect on the acquiring company 's equity ratio .,1,neutral
"SysOpen Digia Plc , Press release , 7 February 2006 IBM Finland has rewarded its most distinguished partner companies for 2005 .",2,positive
"Paper company M-real calculated that if 100,000 biscuit cartons are made using a 25gsm lighter board , the CO2 saved over the course of 12 months would be equal to that generated by driving 1,000 km by car .",1,neutral
The webcast may be followed online on the company website at www.ruukki.com/investors .,1,neutral
"Finnair 's Tallinn-based subsidiary , Aero AS , carried 23,335 passengers , a decline of 60.8 % , on routes between Helsinki and the Baltic capitals and within Southern Finland .",0,negative
"According to Honka Japan 's Managing Director Marko Saarelainen , Honkarakenne exports about 200 ready made log houses to Japan a year .",1,neutral
"Finnish publisher Alma Media ( HEL : ALN1V ) said Wednesday it has decided to further extend its EUR1 .85 ( USD2 .75 ) apiece mandatory tender offer for media group Talentum ( HEL : TTM1V ) , which started on 19 August , until 16 November .",1,neutral
"CapMan has six investment areas CapMan Buyout , CapMan Technology , CapMan Life Science , CapMan Russia , CapMan Public Market and CapMan Real Estate , and each of them has a dedicated team and funds .",1,neutral
The operating profit for Grain Trading increased to EUR 2.0 mn from EUR 1.4 mn in 2005 .,2,positive
"Lember said the matter was topical also in Estonia , where a bill has been drafted at the Social Affairs Ministry that would scrap old-age pensions on favorable conditions .",1,neutral
"In addition , MIDs are always online and enable full Internet browsing .",1,neutral
Combined net sales in 2006 were $ 27 million and EBITDA was $ 13.7 million .,1,neutral
"Finnish electronics manufacturing services company Elcoteq signing a cooperation agreement with a Japanese mobile phone manufacturer , bypasses Elcoteq Tallinn , says Jan Kotka , CEO of Elcoteq Tallinn .",2,positive
Rapala VMC Corporation ( Rapala ) is a Finland-based company engaged in the manufacture and distribution of fishing equipment and accessories .,1,neutral
"Only this time , Nokia , India 's largest MNC , has sought out a topic that could spark off a million approaches ` Creativity in Emerging Markets .",1,neutral
Pharmaceuticals - Poland This brand-new market analysis gives a clear overview of the actual situation and future outlook of the pharmaceutical market in Poland .,1,neutral
Union and company officials did not return calls yesterday .,1,neutral
Sales of security and system packaging increased slightly .,2,positive
"In addition to supplying a new headbox and a modern sizing and coating unit , Vaahto Group will provide erection supervision , training and start-up services .",1,neutral
"Estonian telecoms company Elisa 's customer numbers cross 400,000 TALLINN , Oct 22 , BNS - The Estonian telecommunications company Elisa won approximately 50,000 new clients in the nine months of this year , bringing the number to 401,800 by the end of September , the company said .",2,positive
"The Group 's revenue amounts to over EUR 80 million , about half of which is accounted for by exports .",1,neutral
"So far Norwegian Norske Skog has reduced the staff levels by 1,000 people and plans to reduce production by 200,000 tons in 2008 , while Finnish-Swedish Stora Enso is to cut staff by 1,700 people and production by 500,000 tons .",0,negative
The cranes would be installed onboard two freighters ordered by Singaporean ship owner Masterbulk .,1,neutral
"The outsourcing agreement , which covers equipment and depots in Turku and Tampere , will run for five years , Cramo said on Thursday .",1,neutral
"Finnish technology group Aspocomp Group Oyj ( OMX Helsinki : ACG1V ) issued its third quarter report on Thursday ( 13 November ) , posting an operating profit of EUR0 .4 m , as compared to a loss of EUR0 .5 m in the third quarter of 2007 .",2,positive
"This new deal has strengthened the partnership from Telemig Celular and Tecnomen , which it has started since the beginning of Telemig 's prepaid operations .",2,positive
"In the building and home improvement trade , net sales totalled EUR 1,173 mn , down from EUR 1,566 mn a year earlier .",0,negative
"When new types of network elements are added to the network , the conversion file is updated by adding the information required for converting the message format of the new network element type to the format understood by the management system .",1,neutral
"Shares of Standard Chartered ( STAN ) rose 1.2 % in the FTSE 100 , while Royal Bank of Scotland ( RBS ) shares rose 2 % and Barclays shares ( BARC ) ( BCS ) were up 1.7 % .",2,positive
The unit is planned to be operational during the second half of 2007 and in full stream in 2008 .,1,neutral
"However , its market share shrank to 47.59 per cent from 48 per cent a year earlier .",0,negative
The company also estimates the already carried out investments to lead to an increase in its net sales for 2010 from 2009 when they reached EUR 141.7 million .,2,positive
"Also , a six-year historic analysis is provided for this market .",1,neutral
"Finland-based Elcoteq SE , a privately held provider of electronics manufacturing services to communications companies , said Thursday it signed a long-term manufacturing supply deal with communications equipment company Andrew Corp. .",2,positive
To raise consumer awareness and encourage people to recycle their old mobile devices Nokia runs regular recycling campaigns around the world .,1,neutral
"Latin America currently accounts for approximately 40 % of sales at Finnish BSS-OSS and VAS supplier for telecoms operators Tecnotree , company president and CEO Eero Mertano told BNamericas .",1,neutral
The bank sees a potential for Getinge share to rise .,2,positive
"Metsaliitto will sell 1.1 million B shares of Neomarkka , accounting for about 18.3 pct of Neomarkka 's equity and about 12.7 pct of the voting rights .",1,neutral
"The size of the extension , 18.5 % of which already has been let , will have a gross area of about 2,830 sq m 30,460 sq ft .",1,neutral
"The most interesting export markets will be Russia , the Baltic countries and Scandinavia .",1,neutral
"CHS Expo Freight is a major Finnish fair , exhibition and culture logistics company that provides logistics services to various events by land , air and sea .",1,neutral
"Currently Glaston employs approximately 1,500 persons .",1,neutral
"Managing Director 's comments : `` Net sales for the first quarter were notably lower than a year before , especially in Finland , Russia and the Baltic countries .",0,negative
The company said that the results of the third quarter do not include non-recurring items .,1,neutral
The company 's model is based on developer contracting construction projects and customer focused project management .,1,neutral
"Okhta Center area is expected to have about 700,000 square metres of office premises by 2016 .",1,neutral
Price talk is in the Euribor plus 2 bps area and the sole lead is Citigroup .,1,neutral
The company will be part of Teleste 's Video and Broadband Solutions business area .,1,neutral
"The EBRD is using its own funds to provide a 21.6 million A loan while the B portion of 10 million Euros has been syndicated to two Finnish commercial banks , Nordea Bank Finland Plc and Pohjola Bank Plc. .",1,neutral
"Sanoma also has an Executive Committee , in accordance with the Company 's Articles of Association , that prepares proposals for matters to be decided or noted by the Board of Directors .",1,neutral
"Mformation and Nokia noted they have established interoperability agreements that cover commercially proven , standards-based management of mobile devices , as well as mobile device security and mobile application management .",2,positive
"The construction of a large woodworking facility in the Sheksna district of the Vologda Region , in northwest Russia , will begin in 2009 , and the plant will start production in 2011 .",1,neutral
"`` The transaction strengthens our position ... in design and branded goods , '' said Fiskars president and CEO Heikki Allonen , pointing out that the two groups have relatively few overlapping operations .",2,positive
The plant would use palm oil certified by the Roundtable on Sustainable Palm Oil ( RSPO ) .,1,neutral
"Currently , the company uses eight similar reach stackers and four empty container handlers by Konecranes .",1,neutral
"The study evaluated the safety , tolerability and pharmacokinetics of repeated doses of intravenously administered antibody in 26 patients with active plaque psoriasis .",1,neutral
"Risto Jalo , chief executive of Dormus Print and also owner of the remainder of the company , will keep his position after the acquisition .",1,neutral
Net profit in the same period in 2006 was (  x20ac ) 172 million .,1,neutral
"As of July 2 , 2007 , the market cap segments will be updated according to the average price in May 2007 .",1,neutral
"The total delivery volume of paper businesses in 2010 was 1,155,000 tonnes , up from 1,132,000 tonnes in 2009 .",2,positive
"The inventors are Mukkavilli Krishna Kiran , Sabharwal Ashutosh and Aazhang Behnaam .",1,neutral
"The rewards to be paid on the basis of the earning period 2011 will correspond to the value of a maximum total of 364,000 Componenta Corporation shares including also the proportion to be paid in cash .",1,neutral
"The reorganisation will be carried out by transferring HKScan Corporation 's production-related property , plant and equipment in Finland as well as its holdings in subsidiaries and associates to HKScan Finland Oy , a holding company wholly owned by HKScan Corporation .",1,neutral
"The company is in charge of all natural gas storage activities in France , Great Britain , and Germany .",1,neutral
Finnish technology company Raute Corporation ( OMX Helsinki : RUTAV ) issued on Tuesday ( 23 September ) a profit warning for the financial year 2008 .,0,negative
"The firm 's services include copying , printing , CAD-modelling , digital printing , scanning , SokoPro project bank and courier services .",1,neutral
"In accordance with the terms and conditions of Alma Media 's 2006 option program , the share subscription price for the 2006A option rights was EUR 4.88 per share and the book countervalue EUR 0.60 per share .",1,neutral
"NAVTEQ has a commanding lead in installed map data systems in North American vehicles and may be the leader in turn-by-turn navigation data offered by services such as OnStar in North America , said analyst Phil Magney of Telematics Research Group in Minnetonka , Minn. .",2,positive
"`` As defences mature , attackers develop Trojans that are equipped with content filters to detect online banking activity for capturing account details using methods such as form grabbing , screen shots , video captures , keylogging and injection of form fields .",1,neutral
"CS Cabot exports 55 % of its production mainly to Goodyear , Bridgestone and Michelin plants in Poland , as well as to Germany 's Michelin or Italy 's Pirelli through the company 's logistics center in Paris , Stefan said .",1,neutral
The adjustments concern staff in both the Specialty Papers and the Fiber Composites segments .,1,neutral
"The company booked April-June new orders worth 949 mln eur , compared with 786 mln eur in the same period a year ago .",2,positive
The objective of the planned measures is to achieve significant savings in the next few years .,2,positive
"Construction work on the Helsinki Music Centre is to start this autumn , with the total cost of the project estimated at 140 million euros .",1,neutral
"Elcoteq Dongguan was established in 1999 in the Nancheng District of Dongguan , China and is one of Elcoteq s four volume manufacturing plants in the Asia-Pacific region .",1,neutral
Europe needs 17 new large paper machines .,1,neutral
"Previously , the company had guided for EBIT and sales growth of 20 pct and 10 pct respectively for this year .",2,positive
"According to the company , a decision in the issue will be made in the summer of 2010 , at the earliest , and in the summer of 2011 , at the latest .",1,neutral
"The tests , conducted at Nokia Siemens ' LTE center of competence in Espoo , Finland , follow the company 's production start of LTE-ready Flexi Multiradio Base Stations for the 800 MHz band in April 2010 , and complement earlier tests with Nokia on the 2100 MHz and 2600 MHz bands .",1,neutral
"Our customers come from the following countries : UK , USA , Spain , France , Italy , Germany , China , Sweden , Norway , Netherlands , Austria , Belgium , Switzerland , Czech Republic , Serbia , Finland , Canada , Russia , Ukraine , Portugal , Denmark , Ireland , South Korea , Estonia and Liechtenstein .",1,neutral
"The market value of one crane is some USD6m , reported the Finnish news agency STT .",1,neutral
- Operating profit rose by 26.9 % to EUR 105.8 ( 83.4 ) million .,2,positive
"Operating profit totalled EUR 9.6 mn , down from EUR 42.0 mn the year before .",0,negative
"Finnish electronics contract manufacturer Scanfil reports net sales of EUR 58.9 mn in the second quarter of 2007 , down from EUR 62.4 mn a year earlier .",0,negative
"We succeeded in increasing our market share of sold apartment '' , comments Mr Kari Kauniskangas , Head of YIT International Construction Services .",2,positive
SHARE REPURCHASE 11.01.2008 In the Helsinki Stock Exchange On behalf of Sampo plc Danske Bank A-S Helsinki Branch,1,neutral
"Based on the design of previous handsets , the Nokia E72 and Nokia E63 this Symbian-based model is promised to offer direct access to over 90 per cent of the world s corporate email through Mail for Exchange and IBM Lotus Notes Traveler .",1,neutral
Finnish insurance company Fennia and Kesko Group are ending their loyal customer cooperation .,0,negative
Finnish forest machinery manufacturer Ponsse 's net sales grew to EUR 51.3 mn in the first quarter of 2010 from EUR 37.5 mn in the corresponding period in 2009 .,2,positive
"Cohen & Steers , Inc. : 5 534 626 shares representing 4.985 % of the share capital and voting rights .",1,neutral
"Finland 's Technopolis is planning to bring the first section of a technopark on stream in St. Petersburg at the end of 2008 , Kari Mikkonen , vice president of Technopolis , told reporters in Helsinki .",1,neutral
"Finnish construction group Lemminkainen Oyj HEL : LEM1S said today it has won a contract to provide technical services for the Nevsky Centre shopping mall to be opened in November in St Petersburg , Russia .",2,positive
"Apart from Nordea , also Ergo is competing for the position among the top three pension funds providers in Estonia .",1,neutral
"According to Karhinen , OP-Pohjola is an exciting enterprise because the cooperation will bring huge opportunities for customers and the company itself .",2,positive
Revenue in the quarter fell 8 percent to ( EURO ) 2.4 billion compared to a year earlier .,0,negative
"The last quarter was the best quarter of 2009 in net sales , and the operating margin rose to 12.2 % .",2,positive
"The building complex consists of high-quality office and retail space totalling 49,200 square metres , the company said .",1,neutral
Vaisala 's board of directors will propose a dividend of 0.85 euro $ 1.24 per share at the company 's annual general meeting .,1,neutral
Nordstjernan has used its option to buy another 22.4 % stake of Salcomp 's shares and votes .,1,neutral
"The Finnish supplier of BSS-OSS and VAS for telecom operators , Tecnotree , has received expansion orders worth a total US$ 7.3 mn for its convergent charging and next generation messaging solutions in Latin America , the company announced without specifying which operators had placed the orders .",2,positive
"The Hayward , Calif.-based target designs active , casual and dress footwear , as well as boots and sandals .",1,neutral
Fancy Dans on the move FAB Glasgow gift and interiors store Fancy Dans is moving !,1,neutral
"Operating profit for the nine-month period decreased from EUR19 .9 m while net sales increased from EUR155 .7 m , as compared to the corresponding period in 2007 .",0,negative
"The company , which makes garden tools , scissors and other consumer goods , said earnings were boosted by 6.9 mln eur of income it received from its 16.7 pct shareholding in Finnish engineering group Wartsila .",2,positive
"Finnish Exel Composites , a technology company that designs , manufactures , and markets composite profiles and tubes for various industrial applications , reports its net sales decreased by 0.6 % in the second quarter of 2010 to EUR 19.2 mn from EUR 19.3 mn in the corresponding period in 2009 .",0,negative
The share of the share capital of both above mentioned shareholders remains below 5 % .,1,neutral
Related links : Flexiblebaseloadoperation TheWartsila32generating set Gasconversions This is the shorter of two versions of this press release .,1,neutral
Shuweihat 2 got under way in July 2008 when the project was awarded to desalination and power contractors .,1,neutral
The company does not disclose the sum it applied for .,1,neutral
"comparable operating profit totaled EUR 854mn , up from EUR 730mn in 2004 .",2,positive
Teleste was set up in 1954 and is divided into Broadband Cable Networks and Video Networks business areas .,1,neutral
"Thus the method will cut working costs , and will fasten the planning and building processes .",2,positive
"The total headcount reduction will be 50 persons , the company said .",0,negative
"Finnish financial group Aktia reports operating profit of EUR 44.4 mn in January-September 2009 , up from EUR 37.3 mn in the corresponding period in 2008 .",2,positive
Rihko started to manage Raisio 's Benecol business in summer 2006 after heading tobacco company Altadis ' European operations .,1,neutral
"Tikkurila , a division of Kemira group , controls about 23 % of the Russian market in its field and owns St. Petersburg paint producer TEX. .",1,neutral
"Finnish Suominen Corporation that makes wipes , nonwovens , and flexible packaging , has a plant near Warsaw , in Poland , that makes flexible packaging .",1,neutral
"Seventy-three of those also have more extensive training in products built on the latest ArchestrA technologies , such as the Wonderware System Platform .",1,neutral
"The decision reflects the underutilisation of the line , which produces nonwovens used in medical and wipes applications as well as for the automotive industry .",1,neutral
"Both operating profit and net sales for the three-month period increased , respectively from EUR15 .1 m and EUR131 .5 m , as compared to the corresponding period in 2005 .",2,positive
Name of Company in which holdings have been acquired : Citycon Oyj 2 .,1,neutral
Expense ratio was 102.6 % compared to 92.9 % in the corresponding period in 2005 .,0,negative
"CapMan , with offices in Helsinki , Stockholm , Copenhagen and Oslo , manages Nordic buyout , mezzanine , technology , life science and real estate funds with approximately EUR2 .6 bn in total capital .",1,neutral
"Seppala transferred the sale to a greater extent than last year to February , and this is reflected on the January sales figures .",1,neutral
"Founded in 1946 , Strand Associates , which provides civil , environmental , transportation , electrical and mechanical engineering services , has 350 employees at 10 offices in Wisconsin , Alabama , Illinois , Indiana , Kentucky and Ohio .",1,neutral
"`` We are very pleased to be working with Fujitsu and NTT DoCoMo to advance the progress of LTE , '' said Juergen Walter , Head of Converged Core , Nokia Siemens Networks .",2,positive
Stora Enso Oyj said its second-quarter result would fall by half compared with the same period in 2007 .,0,negative
"London 's leading shares today jumped almost 100 points , or 1.7 % , as the market opened .",2,positive
The investment will be worth approximately EUR 100mn .,1,neutral
The personnel s expertise and high level of technology play a major role in Exel Composites operations .,1,neutral
"Because the application can be considered as a hacking application , it is classified by F-Secure as riskware .",1,neutral
"Profit before taxes was EUR 4.0 mn , down from EUR 4.9 mn .",0,negative
"Cargotec 's sales totalled EUR 3.4 billion in 2008 and it employs approximately 11,000 people .",1,neutral
Delivery is expected to take place later this month .,1,neutral
"( ADPnews ) - May 4 , 2010 - Finnish cutlery and hand tools maker Fiskars Oyj Abp ( HEL : FISAS ) said today its net profit declined to EUR 12.9 million ( USD 17m ) in the first quarter of 2010 from EUR 17 million in the correspond",0,negative
Investment management and investment advisory services are the company 's sole line of business .,1,neutral
The energy shot is packed in a 100-millilitre bag with a screw cap .,1,neutral
The name of the buyer was not disclosed .,1,neutral
"Operating profit was EUR 11.07 mn , up from EUR 8.65 mn .",2,positive
"The Tekla Structures 16 installation has been built according to Microsoft 's requirements for the Windows 7 certification , the Company added .",1,neutral
Ramirent Finland is the domestic unit of machinery rental company Ramirent Oyj HEL : RMR1V .,1,neutral
The value of the total investment is about EUR 600mn .,1,neutral
Profit of the accounting period was EUR 0.3 mn .,1,neutral
"Stockholm-based Nordea Bank ( STO : NDA ) said yesterday it had hired Casper von Koskull to lead its corporate merchant banking and capital markets unit , effective 1 September .",1,neutral
The facility consists of a seven year bullet term loan of 200 mln euro $ 292.4 mln and a 150 mln euro $ 219.3 mln five year revolving credit facility .,1,neutral
This includes a EUR 39.5 mn change in the fair value of investment properties .,1,neutral
This is a much better process than using virgin paper as it requires less transportation of wood pulp from places like Finland and Canada .,2,positive
"By implementing the software the Finnish Army aims to unify and improve its operations in these application areas , QPR Software stated .",2,positive
The issuer is solely responsible for the content of this announcement .,1,neutral
Kauko-Telko 's centralized administration will be dissolved and appropriate parts of it will be transferred to operating activities and Group administration by the end of the year .,1,neutral
"( ADP News ) - Feb 6 , 2009 - Finnish fishing tackle company Rapala VMC Corp ( HEL : RAP1V ) said today its net profit rose to EUR 19.2 million ( USD 24.6 m ) for 2008 from EUR 17.5 million for 2007 .",2,positive
"The Finnish government announced Wednesday that it sold a 32 percent stake in chemicals and fertilizer group Kemira Oyj for (  x20ac ) 655.6 million ( $ 890US million ) , sending the company 's share price up 6 percent .",2,positive
"Net profit in the three months through March 31 fell to (  x20ac ) 103 million ( US$ 165 million ) from (  x20ac ) 131 million a year earlier , the Finnish company said .",0,negative
"` Sanoma is a buyer not a target , ' he said .",1,neutral
"The company operates a U.S. division in Lisle , Ill. .",1,neutral
"As a condition to the deal , Savcor Alfa has to have bought Photonium and Akseli Lahtinen Inc. 's business operations prior to the deal .",1,neutral
"The Whitehall Street Real Estate Funds invest in real estate and real estate related assets , principally through the acquisition of real estate companies , real property and mortgage loans .",1,neutral
Estonia 's beer market overall grew three percent last year to 130 million liters .,2,positive
"Finnish construction company YIT is reducing the number of start-ups of market-financed residential units in 2007 to about 2,300 from the previously announced 2,700 .",0,negative
"Of the price , Kesko 's share is 10 mln euro $ 15.5 mln and it will recognize a gain of 4.0 mln euro $ 6.2 mln on the disposal which will be included in the result for the second quarter of 2008 .",2,positive
`` Directors and shareholders alike should ask why these practices were allowed to continue . '',1,neutral
"Incap Corporation Stock Exchange Announcement 29 April 2010 at 1 p.m. INVITATION TO A NEWS CONFERENCE ON INCAP 'S INTERIM REPORT Q1-2010 Incap will publish its interim report for January-March 2010 on Wednesday , 5 May 2010 .",1,neutral
"Operating profit was EUR 9.8 mn , compared to a loss of EUR 12.7 mn in the corresponding period in 2009 .",2,positive
The combined value of the orders is almost EUR 3mn .,1,neutral
The measures result from weak demand in the shipbuilding industry .,0,negative
"LCS 's services cover the whole life cycle of software and information systems , from process modelling and tailored software development , to hosting services , solution management , maintenance and support .",1,neutral
Pretax profit totaled EUR 4.9 mn compared to EUR 5.2 mn in the first quarter of 2005 .,0,negative
"Technopolis and the St. Petersburg government signed a cooperation memorandum in October 2005 to set up a techno-park in the Neudorf production zone in the village of Strelny , in the St. Petersburg suburbs .",2,positive
"FL Group 's private equity division manages all operating companies , including Icelandair Group , FL Travel Group , Bluebird and Sterling .",1,neutral
Kalmar has been awarded a new 5-year contract to supply its Rough Terrain Container Handler RTCH .,2,positive
Neither of the companies use genetically engineered soy at the moment .,1,neutral
"The recruitment is related to the relocation of Stora Enso 's research operations to Karlstad , central Sweden .",1,neutral
"The company targets sales of Ls 27.1 mn ( Ls 23.498 mn ) and a profit of Ls 300,000 ( Ls 371,500 ) in 2007 .",1,neutral
The total investment in 2006 and 2007 is expected to amount to about EUR75m .,1,neutral
Construction volumes meanwhile grow at a rate of 10-15 percent annually .,2,positive
Nokia Siemens Networks has struggled to make a profit in the past two years .,0,negative
"Lithuanian beer makers sold 256.88 million liters of beer in 2005 , a rise of 4.5 per cent from the year-earlier figure of 245.92 million liters .",2,positive
Gunneflo will be responsible of Oriola-KD 's Pharmaceutical Trade business in Sweden .,1,neutral
The phones are targeted at first time users in growth markets .,1,neutral
"Ahlstrom 's 5,800 employees serve customers via sales offices and production facilities in more than 20 countries on six continents .",1,neutral
"With this , the company will exit the contract manufacturing service segment .",1,neutral
"The fish content of the nuggets is 85 % , and the fish comes from Canada and Finland .",1,neutral
Finnish glass technology group Glaston Corporation ( OMX Helsinki : GLA1V ) reported on Thursday ( 14 August ) an operating profit of EUR6 .5 m on net sales of EUR201 .5 m for the period January-September 2008 .,1,neutral
`` Our design team has long admired Marimekko 's vivid patterns and colors .,2,positive
For the new shares subscribed with stock options all shareholder rights commence from the date on which they are entered into the Trade Register .,1,neutral
Cargo volume increased by approximately 5 % .,2,positive
"In a media advisory , the NTSB said that after subsequent testing , `` the train detection system intermittently failed . ''",0,negative
"EBIT totalled EUR 14.4 mn , compared to a loss of EUR 0.3 mn in the corresponding period in 2009 .",2,positive
The company said that its comparable operating profit for the January-June period fell short of last year 's corresponding performance .,0,negative
"They are responsible for their own operations , customer relationships , and the development of these .",1,neutral
"Pretax profit totalled EUR 2.0 mn , compared to a loss of EUR 159.2 mn in the fourth quarter of 2008 .",2,positive
The plant will collect raw material from the Baltic Sea region .,1,neutral
"By combining its existing solutions into a single platform , Comptel said that it has reduced the cost of deployment .",2,positive
Finnair said that the cancellation of flights would cause daily losses of  x20ac 2.5 million US$ 3 million .,0,negative
The studies are expected to start in 2008 .,1,neutral
The reductions will be concluded by autumn 2010 .,1,neutral
Nordea Pankki Suomi Oyj 's ownership in Stonesoft Corporation has decreased below 1-20 .,1,neutral
Finnish business software group AffectoGenimap Oyj said its net profit halved to 1.2 mln euro ( $ 1.5 mln ) in the first nine months of 2006 from 2.2 mln euro ( $ 2.8 mln ) in the same period of 2005 .,0,negative
"For the first nine months of 2010 , Talvivaara 's net loss narrowed to EUR 8.3 million from EUR 21.9 million for the same period of 2009 .",2,positive
These share transactions are part of the company 's strategy of relinquishing assets that are not part of its core business .,1,neutral
"The move will be carried out by transferring HKScan 's production-related property , plant , equipment , as well as its holdings in subsidiaries and associate companies in the country to HKScan Finland .",1,neutral
"The orders are for 26 machine-room-less KONE MonoSpace elevators , which would be installed during 2006 .",1,neutral
"Steek , which was set up in 2002 , is based in Bordeaux , southwestern France .",1,neutral
"Finnish investment group Panostaja Oyj said its net profit went up to 8.6 mln euro $ 11.4 mln in fiscal 2005-06 , ended October 31 , 2006 , from 2.8 mln euro $ 3.7 mln in the same period of fiscal 2004-05 .",2,positive
"The transaction is subject to a final agreement between the parties , approvals of their decision-making bodies and approval by the Finnish Competition Authority .",1,neutral
The Group 's revenue in 2008 amounted to EUR 94 million and the company currently employs approximately 730 people .,1,neutral
"The company still expects its turnover in 2010 to slightly increase from the level of 2009 , adding that `` market predictability is still too poor for trustworthy forecasts on the market development of the contract manufacturing business during the current year '' .",2,positive
"In Finland , Alma Media will focus on quality and developing chain operations .",1,neutral
"Sampo Group that has become a major shareholder in Nordea owns TrygVesta 's main competitor , If P & C Insurance .",1,neutral
The talks are aimed at restructuring operations and cutting costs .,2,positive
This wood lacquered clock comes with a stripy hand-crocheted cover .,1,neutral
The new B shares carry the right to dividend and other shareholder rights with effect from today .,1,neutral
"Stora Enso 's business in North America has annual capacity of about 3 million tons and employs about 4,350 people .",1,neutral
"Nordea Pankki Suomi Oyj , according to previously announced , has made forward contracts on Alma Media Corporation shares .",1,neutral
Finnish Outokumpu Technology has been awarded several new grinding technology contracts .,2,positive
Cymed 's net sales are expected to amount to EUR 3.5 mn in 2006 .,1,neutral
"Lead production , in turn , should increase to 60,000 tonnes through 2009 in what would be a twofold increase from current capacity levels , Zahariev said .",2,positive
"The business transfer will take effect from 1 January 2007 , and in connection with this 47 employees will transfer from Elisa to Daxtum as continuing employees .",1,neutral
The report contains category level company and brand share as well as distribution share information for 2007 and 2008 .,1,neutral
"Our customers come from the following countries : UK , USA , Spain , France , Italy , Germany , China , Hong Kong , Sweden , Norway , Netherlands , Austria , Belgium , Switzerland , Czech Republic , Finland , Canada , Russia , Ukraine , Denmark , Ireland , South Korea and Liechtenstein .",1,neutral
It also confirmed its earnings guidance for the whole 2009 issued in its report for the whole 2008 .,1,neutral
"Finnish drug distributor and wholesaler Oriola-KD Oyj said on October 11 , 2006 it named Anne Kariniemi vice president of its Logistics and Sourcing department as of January 15 , 2007 .",1,neutral
"Finnish Larox has signed a contract with the Talvivaara Project for the delivery of filters to the Talvivaara nickel mine in Sotkamo , in Finland .",2,positive
"The company designs , manufactures and markets high-quality clothing , interior decoration textiles , bags and other accessories .",1,neutral
"In 2007 , almost two thirds of Orion 's net sales came from these drugs .",1,neutral
Ponsse will divide its sales and maintenance service network into six geographical areas .,1,neutral
New Novator products are supposed to be exported .,1,neutral
International operations accounted for over 80 % of net sales .,1,neutral
Finnish-Swedish TietoEnator is expanding its business quickly in Russia .,2,positive
26 November 2010 - Finnish sports-equipment maker Amer Sports Oyj ( HEL : AMEAS ) said today it has obtained a EUR30m Schuldschein note loan from a pool of international investors .,1,neutral
"Both operating profit and net sales for the six-month period increased , respectively from EUR7 .5 m and EUR655 .5 m , as compared to the corresponding period in 2005 .",2,positive
"Motorola Inc. of the United States came second with shipments of 217.4 million units for a 21.3 percent market share , followed by South Korea 's Samsung Electronics Co. with shipments of 118.0 million units for an 11.6 percent share .",1,neutral
J+ñrvi-Suomen Portti is also planning to reduce the use of sodium nitrite .,1,neutral
"Theodosopoulos said Tellabs could be of value to Nokia Siemens or Nortel given its `` leading supply status '' with Verizon , along with high-growth products .",2,positive
"efficiency improvement measures 20 January 2010 - Finnish stationery and gift retailer Tiimari HEL : TII1V said today that it will continue to improve its operational efficiency , by focusing on its profitable core operations .",2,positive
"At the end of March 2009 , the company 's loans amounted to EUR 10.113 mn .",1,neutral
Our standardised services have met with a positive reception among our customers as well as at Itella .,2,positive
Ruukki announced that it has signed an agreement with Aker Solutions of Norway to supply 24 suction anchors in September 2010 from its Kalajoki unit in Finland .,2,positive
"In Q1 of 2010 , Bank of +àland 's net interest income increased from EUR 9.1 mn to EUR 9.7 mn .",2,positive
"Following the registration , the number of issued and outstanding shares of Basware is 12,890,829 .",1,neutral
The company 's board of directors will propose a dividend of EUR 0.14 for 2008 at the annual general meeting .,1,neutral
Subscription sales decreased slightly .,0,negative
"They re in a race with Google to get lots of users onto their service as social networking creates new business models , said Martin Garner , a London-based analyst with CCS Insight .",1,neutral
Lemmink+ñinen started the manufacture of roofing felt in 1920 and the production of asphalt in the 1930s .,1,neutral
"In Q1 of 2009 , Bank of +àland 's net interest income weakened by 10 % to EUR 9.1 mn .",0,negative
"EQ Bank forecasts Olvi 's net sales at EUR 67mn in the second quarter of 2009 , and operating profit at EUR 6.4 mn .",1,neutral
"The segment has an annual revenue of approximately EUR400m , the company said .",1,neutral
It also turned to earnings per share ( EPS ) of EUR 0.08 versus loss per share of EUR 0.04 .,2,positive
The sellers were EOSS Innovationsmanagement and a group of private individuals .,1,neutral
Oriola-KD is a spin-off of Finnish pharmaceutical group Orion Oyj 's wholesale division .,1,neutral
The ground barleycorn has been fully produced in Finland and will be available in stores as of the beginning of 2010 .,1,neutral
From Merisatama to the far corners of the world Asfaltti Osakeyhti+Â Lemmink+ñinen was established in 1910 by a group of master builders in Helsinki as a specialist business and subcontractor .,1,neutral
Nokia s U.S. shares were 3.3 percent lower at $ 12.73 by 1750 GMT .,0,negative
Fortum had previously bought the state-held stake in TGK-10 from RAO UES during its reform .,1,neutral
Cargotec will also move Hallberg-Ivarsson 's service and installation business under the same roof with its service center for Kalmar and MacGregor solutions in Gothenburg .,1,neutral
The purchase price was not disclosed .,1,neutral
Finnish glass technology company Glaston Oyj Abp net profit decreased to 2.6 mln euro ( $ 3.8 mln ) for the first nine months of 2007 from 7.8 mln euro ( $ 11.4 mln ) for the same period of 2006 .,0,negative
"ADPnews - Feb 5 , 2010 - Finnish real estate investor Sponda Oyj HEL : SDA1V said today that it slipped to a net loss of EUR 81.5 million USD 11.8 m in 2009 from a profit of EUR 29.3 million in 2008 .",0,negative
Any investment or investment activity to which this communication relates is only available to relevant persons and will be engaged in only with relevant persons .,1,neutral
"Utah 's capital wanted to be the next U.S. headquarters of Amer Sports Corp. , a ski-equipment company .",1,neutral
"Nyrstar has also agreed to supply to Talvivaara up to 150,000 tonnes of sulphuric acid per annum for use in Talvivaara 's leaching process during the period of supply of the zinc in concentrate .",2,positive
The bond has a value of EUR150m and a maturity of 4 years .,1,neutral
Basware Business Transactions Service enables the customer to receive and send invoices in an electronic format .,1,neutral
The appointments will be in force until the new CEO has been appointed .,1,neutral
The GyPSii mobile social networking application is available in China with both Chinese and English language support .,1,neutral
"The utility will also provide services related to electricity management , such as hedging trades and risk management and reporting .",1,neutral
A 2001 agreement expired earlier this month .,1,neutral
The plant is expected to enter commercial operation by mid-2009 .,1,neutral
"First Industrial will seek LEED designation for Uponor 's new building and a 282,000 square-foot speculative distribution center at First Park Lakeville .",1,neutral
AffectoGenimap builds highly customised IT solutions for its customers in Finland and the Baltic countries .,1,neutral
Protalix is developing genetically engineered proteins from plant cells .,1,neutral
"Last year , 8.3 million passengers flew the airline , down 4 percent from 2007 .",0,negative
Unilever 's Turun Sinappi that is made in Sweden holds 40 % of the market .,1,neutral
"Previously , Grimaldi held a 46.43 pct stake in the Finnish company following the takeover bid launched in November 2006 .",1,neutral
"www.countryelements.co.uk Designed by Patricia Burt , this is just one of a selection of distinctive hooked rugs created with recycled materials and dyed natural dyes .",1,neutral
`` The trend in the sports and leisure markets was favorable in the first months of the year .,2,positive
"At 1.33 pm , the OMX Helsinki 25 was 0.30 pct lower at 2,463.67 and the OMX Helsinki was down 0.37 pct at 8,537.42 on volume of 256 mln eur .",0,negative
The energy sector accounted for approximately 33 % and the steel industry for about 57 % of the transportation volume .,1,neutral
"The Group 's consolidated net sales for 2008 totaled 3.4 billion euros and it employs approximately 13,000 persons .",1,neutral
"Tieto in Latvia is represented by IT services companies TietoEnator Alise and TietoEnator , which has operations in the industries of Financial Services Cards , Retail and Logistics and IT Outsourcing and Managed Services .",1,neutral
"A total of 15,000 new Citycon shares with a nominal value of EUR 1.35 per share were subscribed between 17 and 23 March 2006 exercising the A-B-C options based on the company 's stock option plan 1999 .",1,neutral
"The total number of voting rights is 74,612,523 .",1,neutral
"A replay will be available until 27 October 2006 in the following numbers : US callers : +1 617-á801-á6888 , non-US callers : +44 20 7365 8427 , access code : 2659 5401 .",1,neutral
Finnish Bank of +àland 's consolidated net operating profit increased from EUR 4.8 mn in the first quarter of 2005 to EUR 6.4 mn in the first quarter of 2006 .,2,positive
"In the second quarter of 2010 , the company 's net profit was EUR1 .7 m compared to a net loss of EUR1 .3 m in April-June 2009 .",2,positive
"Speaking to just-drinks today , a spokesperson for Olvi said : `` We have performed very well in all four countries we operate in - namely , Finland , Estonia , Latvia and Lithuania . ''",2,positive
"The airline estimated that the cancellation of its flights due to the closure of European airspace , and the process of recommencing traffic , have caused a the company a loss of EUR20m , including the costs of stranded passengers ' accommodation .",0,negative
Marimekko is considering further measures in the matter .,1,neutral
Less than ten people will face pension agreements .,1,neutral
The non-recurring costs caused to Talentum 's Premedia business area by the restructuring will amount to 2.0 mln euro $ 2.7 mln and will be included in the company 's financial results for the second quarter of 2007 .,1,neutral
"Finland-based international machinery rental company Ramirent Plc ( OMX Helsinki : RMR1V ) said on Friday ( 9 May ) that its president and CEO , Kari Kallio , has informed the board of his intention to retire in year 2009 .",1,neutral
"For Q2 2010 , consolidated earnings before tax totaled EUR4 .5 m , compared to EUR3 .9 m , and net profit was EUR3 .2 m , compared to EUR2 .9 m in the previous year .",2,positive
"Erkki Jarvinen , President of Rautakirja and the head of the Sanoma Trade division , will leave his current tasks in spring 2009 for a similar position outside the Sanoma Group .",1,neutral
"As part of the reorganization , Kauko-Telko Ltd will be divided into Telko Ltd , Leipurin Ltd , Hamina Terminal Services Ltd and Kaukomarkkinat Ltd. .",1,neutral
"Ragutis , which is based in Lithuania 's second-largest city Kaunas , boosted its sales last year 22.3 per cent to 36.4 million liters .",2,positive
"The sale , which will result in a gain of some EUR 60 million in the second quarter of 2010 for Oriola-KD , supports the Finnish company 's strategy to focus on pharmaceutical wholesale and retail operations .",2,positive
"The announcement pushed Freenet shares down 6.3 % , or EUR0 .71 , in Frankfurt trade to EUR10 .65 as investors gave up hope United Internet AG and Drillisch would pursue their own takeover and breakup of Freenet .",0,negative
"Sukhraj Dulai , of the 2900 block of Boni Sue Court , a cul-de-sac on the city 's north side , started the vehicle and went inside his house about 8 a.m. Tuesday , leaving the garage door open .",1,neutral
"Under the agreement , Larox will transfer 10 employees within engineering and documentation related to delivery projects and product maintenance in Finland to Etteplan as of January 1 , 2007 .",1,neutral
The company slipped to an operating loss of EUR 2.6 million from a profit of EUR 1.3 million .,0,negative
Okmetic 's silicon wafers are part of a further processing chain that produces end products that improve human interaction and quality of life .,1,neutral
"According to CapMan Plc 's Corporate Governance , the majority of the committees ' members shall be independent of the Company .",1,neutral
"MegaFon 's subscriber base increased 16.1 % in 2009 to 50.5 million users as of December 31 , while its market share by the number of customers amounted to 24 % as of late 2009 , up from 23 % as of late 2008 , according to TeliaSonera estimates .",2,positive
Rapala said it estimates it will make savings of 1-2 mln eur a year by centralising its French operations at one site .,2,positive
It is planned to set up the A class business center in the two top storeys of the complex .,1,neutral
"About 72 % of Evraz Group shares are owned by Lanebrook , whose beneficiaries , on the one hand , are Millhouse , the holding company for the assets of billionaire Roman Abramovich and his business partners 50 % ; and Evraz executives Alexander Abramov and Alexander Frolov 50 % , on the other .",1,neutral
"The company said that the operations will be sold to a newly established company , CPS GmbH , where the present management of the plastics business is a co-owner .",1,neutral
"Tiimari , the Finnish retailer , reported to have geenrated quarterly revenues totalling EUR 1.3 mn in the 4th quarter 2009 , up from EUR 0.3 mn loss in 2008 .",2,positive
Finnish messaging solutions developer Tecnomen Corporation ( OMX Helsinki : TEM1V ) said on Thursday ( 11 December ) that it has received an expansion order for its Convergent Charging solution in Latin America .,2,positive
Castecka said the town hall would hold talks with other investors interested in the zone .,1,neutral
Combining this deep domain expertise with our Application Service Management ASM and outsourcing service offerings has now proved to be a winning combination .,2,positive
Operating profit for the quarter April-June 2006 amounted to EUR42 .9 m on net sales of EUR156 .3 m.,1,neutral
"BAWAG - Is to issue a benchmark , covered deal .",1,neutral
The company plans to expand into the international market through its subsidiaries and distributors from 2011 onwards .,2,positive
"In food trade , sales amounted to EUR320 .1 m , a decline of 1.1 % .",0,negative
Validating our fgVoIP client through Symbian Signed represents a significant step forward in accomplishing this goal .,2,positive
The Remote Radio head module will be available at 4W power for 2.5 GHz and 3.5 GHz TDD frequency bands .,1,neutral
Finnish forest machinery manufacturer Ponsse has agreed with Volvo on the start of cooperation in Latin America .,2,positive
The use of validation rule base enables verifying that processing rule bases managed by different administrators fulfil some set requirements .,1,neutral
"Meanwhile , Nokia said that it will be able to deliver a complete range of services from deployment operations to consulting and integration to managed services as a result of the buyout .",2,positive
"Protalix closed at $ 10.71 on Friday on the American Stock Exchange , giving a market cap of $ 827 million .",1,neutral
"At the moment , there are approximately 20 Vianor sales offices in Russia .",1,neutral
"Seller is the Finnish Elcoteq Group , the largest European electronics manufacturing services company .",1,neutral
"In addition , the existing service counter area in the reception hall will be rebuilt and access provided to local rail connections .",1,neutral
"ITG 's share in the deal is estimated at some 500,000 euro $ 627,000 .",1,neutral
HELSINKI AFX - Outokumpu said its technology unit has won a 28 mln eur contract from Bosnia-Herzegovina 's Aluminij dd Mostar to upgrade an anode plant .,2,positive
The objective of the St. Petersburg office is first to boost the Company 's maintenance business .,1,neutral
"The Finland-based company says it will move into an existing 260,000-square-foot facility in September .",1,neutral
"It projected revenue of $ 2.2 billion to $ 2.3 billion , slightly higher than analyst estimates of $ 2.19 billion .",2,positive
Poyry 's net sales in 2007 amounted to about EUR 720 million and it employs 7400 experts .,1,neutral
"ALEXANDRIA , Va. , Oct. 3 -- Markka A. Oksanen and Harald Kaaja , both of Helsinki , Finland , Juha Salokannel of Kangasala , Finland , and Arto Palin of Viiala , Finland , have developed a system for providing communications security .",1,neutral
Diluted earnings per share ( EPS ) rose to EUR 3.68 from EUR 0.50 .,2,positive
Operating profit improved by 27 % to EUR 579.8 mn from EUR 457.2 mn in 2006 .,2,positive
10 February 2011 - Finnish media company Sanoma Oyj HEL : SAA1V said yesterday its 2010 net profit almost tripled to EUR297 .3 m from EUR107 .1 m for 2009 and announced a proposal for a raised payout .,2,positive
"Sampo Housing Loan Bank , a unit of Finland 's Sampo Bank , has priced its EUR1bn ( USD1 .3 bn ) bond at 99.889 % , Reuters reported .",1,neutral
"Iso Omena is based in the Matinkyla district of the southern part of the city of Espoo , southern Finland .",1,neutral
Work on the assignment has already started and is due for completion in spring 2011 .,1,neutral
Protalix has $ 42 million in cash and no sales .,1,neutral
"The restructuring creates a more efficient organization with increased operational focus and stable profitability , and leads to more efficient production , said Bo Annvik , head of Specialty Stainless .",2,positive
Tielinja generated net sales of 7.5 mln euro $ 9.6 mln in 2005 .,1,neutral
Central Europe is an important market area for Honka .,1,neutral
`` The purchase of the operations is part of YIT 's strategy to expand its offering of building system services geographically . '',2,positive
The Insolvency Act regulates the amount of debt that borrowers are permitted to write off .,1,neutral
"A data processing unit collects the data , calculates RVR values and provides the data to users via various interfaces .",1,neutral
"Complete name of shareholder : Otto Henrik Bernhard Nyberg For further information , please contact Maija-Liisa Friman , CEO , tel. +358 9 7597 0711 .",1,neutral
Stora Enso will receive a 19.9 pct equity interest in the combined company .,1,neutral
"Operating profit totaled EUR 6.7 mn , down from EUR 7.2 mn in the corresponding period in 2005 .",0,negative
"Operating profit totaled EUR 825mn , up from EUR 763mn in 2004 .",2,positive
ZAO YIT Moskovia builds housing in Moscow and its surrounding cities .,1,neutral
No financial details of the deployment were disclosed .,1,neutral
"In 2008 , Kemira recorded revenue of approximately EUR 2.8 billion and had a staff of 9,400 .",1,neutral
"According to Seikku , the retail sector in Finland is controlled by 3-4 large actors , while food manufacturers are still relatively small .",1,neutral
"The second company acquired is Sweden 's Reftele Maskinservice AB , whose business is mainly field services and spare parts manufacturing , with 10 employees and 1.2 mln eur sales a year .",1,neutral
Olli-Pekka Laine has been appointed as the Chairman and Erkki Pehu-Lehtonen as the Vice Chairman of the Board .,1,neutral
The mill is concentrating on getting the supercalendered line running satisfactorily before restarting its older newsprint line .,1,neutral
"We are honored to be acknowledged for our commitment to the industry , especially in Asia Pacific . ''",2,positive
Both Mr Walden and Mr Ignatius will be responsible also for the newspapers ' business result .,1,neutral
Affecto has participated in the program for the development of the Norwegian pension system since 2007 .,1,neutral
"The sale will allow Campofrio to focus on its recently announced takeover of Groupe Smithfield Holdings , the European unit of Smithfield Foods Inc. ( SFD ) of the U.S.",1,neutral
"Finnish silicon wafers maker Okmetic Oyj said on September 17 , 2008 that it will invest a total of 15 mln euro $ 21.3 mln in its sensor wafer business .",1,neutral
A total of $ 78 million will be invested in the project .,1,neutral
"The donations are granted to Aalto University and the universities of Helsinki , Tampere , Turku , Eastern Finland , Jyv+ñskyl+ñ , Oulu and Vaasa , and to polytechnics to be announced later .",1,neutral
"3 January 2011 - Scandinavian lenders Sampo Bank ( HEL : SAMAS ) , Pohjola Bank ( HEL : POH1S ) and Svenska Handelsbanken ( STO : SHB A ) have provided a EUR160m ( USD213m ) line of credit to Lemminkainen Oyj ( HEL : LEM1S ) , the Finnish construction firm said on Friday .",1,neutral
"A maximum of 20 employees , who work in Karttakeskus and are responsible for producing Geographic Information Services , will be affected , the company added .",1,neutral
"M-real Corporation Stock Exchange Release 27 August 2009 at 3.15 pm M-real has received the EUR 190 million cash payment from Sappi M-real Corporation , a part of Mets+ñliitto Group , divested its Graphic Papers business to Sappi Limited at the end of 2008 for EUR 750 million .",1,neutral
"OUTOTEC OYJ PRESS RELEASE , FEBRUARY 19 , 2008 AT 11.00 AM Outotec has won two large minerals processing technology orders from Mirabela Mineracao do Brasil Ltda , Brazil and from Cumerio Med JSCo , Bulgaria .",2,positive
"We look forward to take part in the future development of the company , '' says Tomas Billing , President of Nordstjernan .",1,neutral
27 January 2011 - Finnish IT solutions provider Affecto Oyj ( HEL : AFE1V ) said today it has won a EUR1 .2 m ( USD1 .6 m ) contract from state-owned Lithuanian Social Insurance Institution ( SODRA ) .,2,positive
"In 2007 , Huhtamaki will continue to invest in organic growth .",1,neutral
"The pulp production in Finnish Kemij+ñrvi will also be liquidated and about 1,100 employees loose their jobs .",0,negative
"In January-November 2009 , the group 's sales totalled EUR 7,801.7 mn , which was a drop of 12.6 % from the same period of 2008 .",0,negative
"In a release , the Company said that Vocollect T2 customers in North America can now take advantage of its Voice Directed Warehousing solution and increase warehouse efficiency and productivity gains at a discounted price .",2,positive
"The first installment of the Cinema Series concludes with a profile of Finnish inventor Olavi Linden , whose personal artistic journey and work at Fiskars has led to dozens of design awards .",1,neutral
The sale of the Healthcare Trade business supports Oriola-KD 's strategy to focus on Pharmaceutical Wholesale and Retail businesses .,2,positive
"In 2007 , Etteplan had turnover of EUR125 .2 m.",1,neutral
"Revenue from July to September grew 21 percent to EURO 2.3 billion , the Finnish company said Thursday .",2,positive
Merrill Lynch analyst Campbell Morgan upgraded his recommendation on PaperlinX from `` neutral '' to `` buy '' in May .,2,positive
The company 's share is quoted on NASDAQ OMX Helsinki Rautaruukki Oyj : RTRKS .,1,neutral
The insurer anticipates its share in Nordea 's net profit to be significant .,2,positive
Finnish laboratory liquid handling and diagnostic test systems developer Biohit Oyj OMX Helsinki : BIOBV issued on Tuesday 3 June a profit warning for the financial year 2008 .,0,negative
"` After fixing our home-base , cutting costs and closing the non-profitable units , we are now looking at going forward , ' she said .",2,positive
"Commenting on the deal , Shane Lennon , SVP of Marketing & Product Development at GyPSii said : ?",1,neutral
Operating profit improved by 39.9 % to EUR 18.0 mn from EUR12 .8 mn .,2,positive
The desk will reach its full planned strength of ten persons in autumn 2007 .,1,neutral
The share subscription period for stock options 2007A is between 1 April 2010 and 31 March 2012 .,1,neutral
"Tyrv+ñinen is of the opinion that the airline has been repeating this for some time already , however .",1,neutral
The parties have therefore agreed to leave Avena out of the deal .,1,neutral
"Operating profit totalled EUR 83.0 mn , up from EUR 23.5 mn year-on-year .",2,positive
Operating profit fell to EUR 15.1 mn from EUR 24.6 mn in 2006 .,0,negative
"The company will use the money for product development and research activities through 2013 in its key markets Finland , Germany , Italy and France .",1,neutral
"Russia accounted for 9 % of the Lagardere magazine division 's revenue , or EUR 114.40 mn ( USD 148.11 mn ) in 2009 , the USA - for 18 % .",1,neutral
"Under the agreement Benefon 's forthcoming range of TWIG integrated GPS navigation and mobile phone devices will use the jointly developed web-based tracking and location technology , in both consumer and commercial applications .",1,neutral
Sales fell abroad but increased in Finland .,1,neutral
Olvi expects sales and market share to increase in the first quarter of 2010 .,2,positive
"Our solutions are fully Arabized , and our message is that we want to become the IT partner of choice for businesses in the Near-East region .",1,neutral
28 October 2010 - Finnish wood products technology supplier Raute Oyj HEL : RUTAV said today it swung to a net profit of EUR3m for the first nine months of 2010 versus a net loss of EUR5 .2 m for the same period a year earlier .,2,positive
"The respondents praised Finnair 's reliability , Finnishness , and understanding of its target group .",2,positive
We offer our customers solutions based on renewable raw materials .,1,neutral
An EU law on the issue may be introduced around 2010 .,1,neutral
3 January 2011 - Finnish flag carrier Finnair Oyj ( HEL : FIA1S ) said today it sealed a nine-year sale and leaseback agreement for its newest Airbus A330 aircraft for syndication into the Japanese operating lease market .,2,positive
"Last week , the Finnish metals and technology group announced plans to sell more than 80 percent of its technology unit to further the company 's strategic goal of becoming the world 's largest stainless steel maker .",2,positive
- UPM-Kymmene upgraded to ` in-line ' from ` underperform ' by Goldman Sachs .,2,positive
Dragonfly Love is another video shot from start to finish using the Nokia N8 .,1,neutral
Rubin says he expects Capman to announce 1-2 additional transactions in 2009 .,1,neutral
Our tools are specifically designed with the needs of both the business users and ICT experts in mind .,1,neutral
"Most of the growth in beer consumption took place in the Far East , Latin America and Africa .",1,neutral
"The Australian company Mirabela Nickel has awarded Outokumpu Technology a contract for grinding technology for its nickel sulfide project in Bahia State , Brazil .",2,positive
The Swedish player became majority owner of UCell in mid-2007 .,1,neutral
"Elcoteq 's Electronics Manufacturing Services ( EMS ) Business Segment serves customers globally in Engineering , Manufacturing and Fulfillment services .",1,neutral
EBIT excluding non-recurring items was estimated to increase from 2009 .,2,positive
"On the route between Helsinki in Finland and Tallinn in Estonia , cargo volumes increased by 36 % , while cargo volumes between Finland and Sweden fell by 9 % .",1,neutral
"The EB Tough VoIP Field Phone is equipped with an integrated speaker , Ethernet and SHDSL connectivity , and enables several innovative applications .",1,neutral
"In addition to its stake in MegaFon , Telecominvest currently owns 100 % of shares in Web Plus and St. Petersburg Payphones , 51 % in telecom equipment producer Peter-Servis and a number of other minor assets .",1,neutral
"YIT acquired investment rights to a 10,000 square metre residential project in Yaroslavl and to a 16,400 square metre project in Moscow .",1,neutral
"`` Last year , Finnair recorded a 32.6-percent growth on the Asian sector , carrying more than 1.10 million passengers between the two continents . ''",2,positive
"At the request of Finnish media company Alma Media 's newspapers , research manager Jari Kaivo-oja at the Finland Futures Research Centre at the Turku School of Economics has drawn up a future scenario for Finland 's national economy by using a model developed by the University of Denver .",1,neutral
"For 2009 , net profit was EUR3m and the company paid a dividend of EUR1 .30 apiece .",1,neutral
"Jan. 6 -- Ford is struggling in the face of slowing truck and SUV sales and a surfeit of up-to-date , gotta-have cars .",0,negative
"Patrick Jeambar will also continue being responsible for Innovation and Health , safety and environment HSEA functions of Ahlstrom Corporation .",1,neutral
"Exports of goods fell by 59 % , and imports by 16.7 % .",0,negative
NWC ANALYSIS :,1,neutral
"The Economic Development and Trade Ministry and Industry and Energy Ministry , along with the Kostroma regional administration and the Russian Lumberman and Timber Exporters Union , has been carrying out work to acquire investment for the construction of a pulp and paper mill in Neya since 2003 .",1,neutral
"The most significant capital expenditure items were in the global enterprise resource planning ERP project , product development and production machines .",1,neutral
Finnish component supplier Componenta Corporation OMX Helsinki : CTH1V said on Monday 16 June that it is changing its pricing cycle due to the increase of raw material prices .,1,neutral
"Goodwill and other intangible assets account for some 2.0 mln euro ( $ 2.6 mln ) of the purchase price , 20 pct of which payable in Aspo shares .",1,neutral
Operating profit in the fourth quarter went down to EUR3m from EUR4 .2 m for the corresponding period of 2009 as it included costs of growth projects .,0,negative
Diluted EPS rose to EUR3 .68 from EUR0 .50 .,2,positive
"Additionally , information on business segments , competitors and future outlook are provided .",1,neutral
"Elcoteq SE Stock Exchange Announcement February 4 , 2009 at 10.00 am ( EET ) Elcoteq will publish its financial statements bulletin 2008 on Wednesday , February 11 , at 9.00 am ( EET ) .",1,neutral
"Berling Capital , Umo Capital and Veikko Laine are the biggest shareholders in Amanda Capital .",1,neutral
"In his current position , Manty has worked since 1996 .",1,neutral
"When the negotiations were started , Neste Oil anticipated that 450 people would be affected .",1,neutral
"The floor area of the Yliopistonrinne project will be 7,900 sq m and the building 's gross area will total 12,800 sq m. A total 25.1 % of the facilities have been let .",1,neutral
"Upon completion of these transactions , Metso 's stake will amount to more than 60 % .",1,neutral
"Previously , it projected the figure to be slightly lower than in 2009 .",1,neutral
Teleste BK Optiflex amplifier products will be used in ongoing capacity upgrade of KDG 's network to bi-directionality .,1,neutral
The customers will have an access to integrated propeller and gear packages from one source .,1,neutral
"The Lemminkainen Group , headquartered in Helsinki , Finland operates in all sectors of the construction industry : civil engineering , building contracting , technical building services and the building materials industry .",1,neutral
"Ragutis , which is controlled by the Finnish brewery , reported a 5.4-per-cent rise in beer sales to 10.44 million litres and held an 11.09-per-cent market share .",2,positive
The company anticipates its turnover for the whole 2010 to surpass that of the previous year when it was EUR 67.1 million .,2,positive
"Earnings per share ( EPS ) were EUR0 .03 , up from the loss of EUR0 .083 .",2,positive
"According to Bosse , the present cooperation is beneficial to all parties , however .",2,positive
"Profit after taxes for the period was up to EUR0 .9 m , from EUR0 .01 m last year .",2,positive
Finnish fibers and plastic products maker Suominen Corporation said its net loss from continuing operations narrowed to 1.8 mln euro ( $ 2.3 mln ) in 2006 from 3.7 mln euro ( $ 4.8 mln ) in 2005 .,2,positive
"After the transaction , M-real will own 30 % in Metsa-Botnia and UPM -- 17 % .",1,neutral
"Secure your files online Like filling out a tax return , making a backup is boring .",1,neutral
"ADP News - May 29 , 2009 - Bank of America BofA downgraded today its ratings on Swedish-Finnish paper maker Stora Enso Oyj HEL : STERV and on Finnish sector player UPM-Kymmene Oyj HEL : UPM1V to `` underperf",0,negative
"According to CEO Hannu Syrj+ñnen , a new common name and visual identity is required as the group has grown and internationalised .",1,neutral
"Rautakesko 's business operations in Norway and Russia , acquired in July 2005 , are included in the figures of the comparable period , impacting sales growth starting from August .",1,neutral
Sanoma announced the Stock Option Scheme 2008 on 19 December 2008 .,1,neutral
Finnish energy company Fortum has set itself new stricter target limits for short-term carbon dioxide emissions from its heat and electricity production .,1,neutral
"ALEXANDRIA , Va. , March 28 -- Pertti Salmi and Hanna Vuolteenaho , both of Oulu , Finland , and Sami Viitasaari of Ii , Finland , have developed an ornamental design for a handset , the U.S. Patent & Trademark Office announced .",1,neutral
The company 's market share is continued to increase further .,2,positive
Finnish metal products company Componenta Oyj net profit rose to 26.1 mln euro ( $ 35.9 mln ) for the first quarter of 2007 from 5.3 mln euro ( $ 7.3 mln ) for the same period of 2006 .,2,positive
"Motorola accounted for 11.5 percent of the South Korean handset market as of the end of April , Samsung held 55 percent and LG Electronics 19 percent , according to Korea-based ATLAS Research Group .",1,neutral
"I am looking forward to contribute to SRV 's success with my competence '' , says Taneli Hassinen .",2,positive
"The company 's annual loss amounted to EEK 18mn , compared to a profit of EEK 7.3 mn in 2008 .",0,negative
The company specialises in temporary electrification and heating at construction sites .,1,neutral
"Byline : Tim Moran Cellular phone giant Nokia Corp. is offering $ 8.1 billion for digital map supplier NAVTEQ Corp. , of Chicago .",1,neutral
"Exel 's board of directors will propose a dividend of 0.2 euro $ 0.3 per share for 2006 at the annual general meeting on April 19 , 2007 .",1,neutral
Efore 's results for the last quarter showed an even faster improvement as the company managed to better source its components .,2,positive
"The remaining amount will be funded through debt , the Danish bank said .",1,neutral
He is resting comfortably and is looking forward to getting back to work . '',1,neutral
"After piloting , the instrument will be further developed according to the experiences gained .",1,neutral
"The world 's second largest stainless steel maker said net profit in the three-month period until Dec. 31 surged to euro603 million US$ 781 million , or euro3 .33 US$ 4.31 per share , from euro172 million , or euro0 .94 per share , the previous year .",2,positive
"The Russian gas giant invested another 46 million litas in the company in late 2004 and now owns 99.5 percent of its stock capital , which amounts to 86.936 million litas .",1,neutral
"According to Finnish petrol station chain St1 's managing director Kim Wiio , the company was forced to make purchases with rising prices in the first half of 2008 , and now consumer prices are going down almost daily due to competition .",0,negative
The net sales of the whole fiscal year 2008 will be lower than in 2007 and operating profit is estimated to be negative .,0,negative
"The Bristol Port Company has sealed a one million pound contract with Cooper Specialised Handling to supply it with four 45-tonne , customised reach stackers from Konecranes .",2,positive
"The copying , republication or redistribution of AFX News Content , inculding by framing or similar means , is expressly prohibited without the prior written consent of AFX News .",1,neutral
"He joins Technopolis from KONE where he has held various positions within the Group , most recently as Director of Service Business and Business Development for KONE s Middle Eastern operations .",1,neutral
Scanfil issued a profit warning on 10 April 2006 .,0,negative
"Finnish energy company Fortum Oyj said on November 13 , 2007 it was granted an environmental permit to build a biofuel-fired combined heat and power CHP plant in Vartan harbor in eastern Stockholm .",2,positive
Production capacity will increase from 36 000 to 85 000 tonnes per year and the raw material will continue to be recycled paper and board .,2,positive
"I can say categorically , no , ' Wahlroos was quoted as saying by the paper , when asked about Sampo 's interest in making a bid for RSA .",1,neutral
"Finnish shipping company Finnlines ' pretax loss totalled EUR 6.5 mn in the third quarter of 2009 , compared to a profit of EUR 0.3 mn in the third quarter of 2008 .",0,negative
The Diameter Protocol is developed according to the standards IETF RFC 3588 and IETF RFC 3539 .,1,neutral
"`` After the transaction , Tikkurila has no powder coatings-related operations , '' the company said .",1,neutral
"Upon establishment , the plan is directed to approximately 20 persons .",1,neutral
"The operating loss amounted to EUR 0.8 mn , compared to a profit of EUR 3.9 mn a year earlier .",0,negative
credit 20 November 2009 - Finnish glass technology company Glaston Oyj Abp ( HEL : GLA1V ) said today it concluded a EUR74m revolving credit facility agreement with its core banks .,2,positive
"The EU Commission said earlier it had fined ThyssenKrupp , United Technologies Corp 's Otis , Schindler AG and Kone Oyj a total of 992.3 mln eur for alleged cartel activity in the lift market going back twelve years .",0,negative
down to EUR5 .9 m H1 '09 3 August 2009 - Finnish media group Ilkka-Yhtyma Oyj ( HEL : ILK2S ) said today its net profit fell 45 % on the year to EUR5 .9 m in the first half of 2009 .,0,negative
The ship unloader is totally enclosed along the entire conveying line to the storage facilities .,1,neutral
Storengy is the GDF SUEZ company that is dedicated to the underground storage of natural gas .,1,neutral
Operating profit rose to EUR 4.7 mn from EUR 3.6 mn .,2,positive
The value of the contract is in total USD12m .,1,neutral
The purpose of this action is to ensure company 's cost effectiveness this year and in the near future .,2,positive
L&T 's net profit for the whole 2010 dropped to EUR 36 million from EUR 45 million for 2009 .,0,negative
Operating profit in the fourth quarter fell to EUR33m from EUR39m a year earlier .,0,negative
Passenger-related revenue rose by 5.1 % to EUR 460.8 mn from EUR 438.5 mn in 2009 .,2,positive
"Sales VAT inclusive expanded by 19 percent , to 351 million euros .",2,positive
Stockmann was established in 1862 in Finland and it became the first foreign company to enter Russia 's retail trade market in 1989 .,1,neutral
"In 2010 , Sanoma Magazines expects net sales to be at the 2009 level .",1,neutral
"At 10.33 am , Huhtamaki was the market 's biggest faller , 8.69 pct lower at 11.35 eur , while the OMX Helsinki 25 was 0.32 pct higher at 3,332.41 , and the OMX Helsinki was up 0.47 pct at 11,687.32 .",0,negative
"Among other industrial stocks , Metso added 0.53 pct to 40.04 eur , Wartsila B was down 0.77 pct at 47.87 eur and Rautaruukki K was 1.08 pct lower at 37.56 eur .",1,neutral
"The brokerage said 2006 has seen a ` true turning point ' in European steel base prices , with better pricing seen carrying through the second quarter of 2006 .",2,positive
"ADP News - Jan 13 , 2009 - Finnish industrial and environmental measurement equipment maker Vaisala Oyj OMX : VAIAS said yesterday it will develop an operational reference radiosonde for climate change observations .",1,neutral
Metso 's delivery will include a complete coated board line with related air systems and two winders .,1,neutral
"The business had gross written premiums of EUR152 .4 m (  91.5 m ) in 2000 , a net combined ratio of 133 % and 175 staff in total with offices in the UK , Germany and Benelux .",1,neutral
